,id,branch,customerType,gender,prodLine,price,quant,tot,date,time,payment,rating
0,750-67-8428,A,Member,Female,Health and beauty,74.69,7.0,548.9715,2019-01-05,13:08,Ewallet,9.1
1,226-31-3081,C,Normal,Female,Electronic accessories,15.28,5.0,80.22,2019-03-08,10:29,Cash,9.6
2,631-41-3108,A,Normal,Male,Home and lifestyle,46.33,7.0,340.5255,2019-03-03,13:23,Credit card,7.4
3,123-19-1176,A,Member,Male,Health and beauty,58.22,8.0,489.048,2019-01-27,20:33,Ewallet,8.4
4,373-73-7910,A,Normal,Male,Sports and travel,86.31,7.0,634.3785,2019-08-02,10:37,Ewallet,5.3
5,699-14-3026,C,Normal,Male,Electronic accessories,85.39,7.0,627.6165,2019-03-25,18:30,Ewallet,4.1
6,355-53-5943,A,Member,Female,Electronic accessories,68.84,6.0,433.69199999999995,2019-02-25,14:36,Ewallet,5.8
7,315-22-5665,C,Normal,Female,Home and lifestyle,73.56,10.0,772.38,2019-02-24,11:38,Ewallet,8.0
8,665-32-9167,A,Member,Female,Health and beauty,36.26,2.0,76.146,2019-10-01,17:15,Credit card,7.2
9,692-92-5582,B,Member,Female,Food and beverages,54.84,3.0,172.74599999999998,2019-02-20,13:27,Credit card,5.9
10,351-62-0822,B,Member,Female,Fashion accessories,14.48,4.0,60.816,2019-06-02,18:07,Ewallet,4.5
11,529-56-3974,B,Member,Male,Electronic accessories,25.51,4.0,107.14200000000001,2019-09-03,17:03,Cash,6.8
12,365-64-0515,A,Normal,Female,Electronic accessories,46.95,5.0,246.4875,2019-12-02,10:25,Ewallet,7.1
13,252-56-2699,A,Normal,Male,Food and beverages,43.19,10.0,453.495,2019-07-02,16:48,Ewallet,8.2
14,829-34-3910,A,Normal,Female,Health and beauty,71.38,10.0,749.49,2019-03-29,19:21,Cash,5.7
15,299-46-1805,B,Member,Female,Sports and travel,93.72,6.0,590.436,2019-01-15,16:19,Cash,4.5
16,656-95-9349,A,Member,Female,Health and beauty,68.93,7.0,506.6355,2019-11-03,11:03,Credit card,4.6
17,765-26-6951,A,Normal,Male,Sports and travel,72.61,6.0,457.44300000000004,2019-01-01,10:39,Credit card,6.9
18,329-62-1586,A,Normal,Male,Food and beverages,54.67,3.0,172.2105,2019-01-21,18:00,Credit card,8.6
19,319-50-3348,B,Normal,Female,Home and lifestyle,40.3,2.0,84.63,2019-11-03,15:30,Ewallet,4.4
20,300-71-4605,C,Member,Male,Electronic accessories,86.04,5.0,451.71,2019-02-25,11:24,Ewallet,4.8
21,371-85-5789,B,Normal,Male,Health and beauty,87.98,3.0,277.137,2019-05-03,10:40,Ewallet,5.1
22,273-16-6619,B,Normal,Male,Home and lifestyle,33.2,2.0,69.72,2019-03-15,12:20,Credit card,4.4
23,636-48-8204,A,Normal,Male,Electronic accessories,34.56,5.0,181.44,2019-02-17,11:15,Ewallet,9.9
24,549-59-1358,A,Member,Male,Sports and travel,88.63,3.0,279.1845,2019-02-03,17:36,Ewallet,6.0
25,227-03-5010,A,Member,Female,Home and lifestyle,52.59,8.0,441.756,2019-03-22,19:20,Credit card,8.5
26,649-29-6775,B,Normal,Male,Fashion accessories,33.52,1.0,35.196,2019-08-02,15:31,Cash,6.7
27,189-17-4241,A,Normal,Female,Fashion accessories,87.67,2.0,184.107,2019-10-03,12:17,Credit card,7.7
28,145-94-9061,B,Normal,Female,Food and beverages,88.36,5.0,463.89,2019-01-25,19:48,Cash,9.6
29,848-62-7243,A,Normal,Male,Health and beauty,24.89,9.0,235.2105,2019-03-15,15:36,Cash,7.4
30,871-79-8483,B,Normal,Male,Fashion accessories,94.13,5.0,494.1825,2019-02-25,19:39,Credit card,4.8
31,149-71-6266,B,Member,Male,Sports and travel,78.07,9.0,737.7615,2019-01-28,12:43,Cash,4.5
32,640-49-2076,B,Normal,Male,Sports and travel,83.78,8.0,703.752,2019-10-01,14:49,Cash,5.1
33,595-11-5460,A,Normal,Male,Health and beauty,96.58,2.0,202.81799999999998,2019-03-15,10:12,Credit card,5.1
34,183-56-6882,C,Member,Female,Food and beverages,99.42,4.0,417.564,2019-06-02,10:42,Ewallet,7.5
35,232-16-2483,C,Member,Female,Sports and travel,68.12,1.0,71.52600000000001,2019-07-01,12:28,Ewallet,6.8
36,129-29-8530,A,Member,Male,Sports and travel,62.62,5.000000000000001,328.755,2019-10-03,19:15,Ewallet,7.0
37,272-65-1806,A,Normal,Female,Electronic accessories,60.88,8.999999999999998,575.316,2019-01-15,17:17,Ewallet,4.7
38,333-73-7901,C,Normal,Female,Health and beauty,54.92,8.0,461.32800000000003,2019-03-23,13:24,Ewallet,7.6
39,777-82-7220,B,Member,Male,Home and lifestyle,30.12,8.0,253.00799999999998,2019-03-03,13:01,Cash,7.7
40,280-35-5823,B,Member,Female,Home and lifestyle,86.72,1.0,91.056,2019-01-17,18:45,Ewallet,7.9
41,554-53-8700,C,Member,Male,Home and lifestyle,56.11,2.0,117.831,2019-02-02,10:11,Cash,6.3
42,354-25-5821,B,Member,Female,Sports and travel,69.12,6.0,435.45599999999996,2019-02-08,13:03,Cash,5.6
43,228-96-1411,C,Member,Female,Food and beverages,98.7,8.0,829.08,2019-03-04,20:39,Cash,7.6
44,617-15-4209,C,Member,Male,Health and beauty,15.37,2.0,32.277,2019-03-16,19:47,Cash,7.2
45,132-32-9879,B,Member,Female,Electronic accessories,93.96,4.0,394.63199999999995,2019-03-09,18:00,Cash,9.5
46,370-41-7321,B,Member,Male,Health and beauty,56.69,9.0,535.7205,2019-02-27,17:24,Credit card,8.4
47,727-46-3608,B,Member,Female,Food and beverages,20.01,9.0,189.0945,2019-02-06,15:47,Ewallet,4.1
48,669-54-1719,B,Member,Male,Electronic accessories,18.93,6.0,119.259,2019-02-10,12:45,Credit card,8.1
49,574-22-5561,C,Member,Female,Fashion accessories,82.63,10.0,867.615,2019-03-19,17:08,Ewallet,7.9
50,326-78-5178,C,Member,Male,Food and beverages,91.39999999999999,7.0,671.79,2019-02-03,10:19,Cash,9.5
51,162-48-8011,A,Member,Female,Food and beverages,44.589999999999996,5.0,234.0975,2019-02-10,15:10,Cash,8.5
52,616-24-2851,B,Member,Female,Fashion accessories,17.87,4.0,75.054,2019-03-22,14:42,Ewallet,6.5
53,778-71-5554,C,Member,Male,Fashion accessories,15.43,1.0,16.2015,2019-01-25,15:46,Credit card,6.1
54,242-55-6721,B,Normal,Male,Home and lifestyle,16.16,2.0,33.936,2019-03-07,11:49,Ewallet,6.5
55,399-46-5918,C,Normal,Female,Electronic accessories,85.98,8.0,722.232,2019-02-28,19:01,Cash,8.2
56,106-35-6779,A,Member,Male,Home and lifestyle,44.34,2.0,93.11399999999999,2019-03-27,11:26,Cash,5.8
57,635-40-6220,A,Normal,Male,Health and beauty,89.6,8.0,752.64,2019-02-07,11:28,Ewallet,6.6
58,817-48-8732,A,Member,Female,Home and lifestyle,72.35,10.0,759.675,2019-01-20,15:55,Cash,5.4
59,120-06-4233,C,Normal,Male,Electronic accessories,30.61,6.0,192.843,2019-03-12,20:36,Cash,9.3
60,285-68-5083,C,Member,Female,Sports and travel,24.74,3.0,77.931,2019-02-15,17:47,Credit card,10.0
61,803-83-5989,C,Normal,Male,Home and lifestyle,55.73,6.0,351.099,2019-02-24,10:55,Ewallet,7.0
62,347-34-2234,B,Member,Female,Sports and travel,55.07,9.0,520.4115,2019-02-03,13:40,Ewallet,10.0
63,199-75-8169,A,Member,Male,Sports and travel,15.81,10.0,166.005,2019-03-06,12:27,Credit card,8.6
64,853-23-2453,B,Member,Male,Health and beauty,75.74,4.0,318.108,2019-02-14,14:35,Cash,7.6
65,877-22-3308,A,Member,Male,Health and beauty,15.87,10.0,166.635,2019-03-13,16:40,Cash,5.8
66,838-78-4295,C,Normal,Female,Health and beauty,33.47,2.0,70.28699999999999,2019-02-10,15:43,Ewallet,6.7
67,109-28-2512,B,Member,Female,Fashion accessories,97.61,6.0,614.943,2019-01-07,15:01,Ewallet,9.9
68,232-11-3025,A,Normal,Male,Sports and travel,78.77,10.0,827.085,2019-01-24,10:04,Cash,6.4
69,382-03-4532,A,Member,Female,Health and beauty,18.33,1.0,19.246499999999997,2019-02-02,18:50,Cash,4.3
70,393-65-2792,C,Normal,Male,Food and beverages,89.48,10.0,939.54,2019-01-06,12:46,Credit card,9.6
71,796-12-2025,C,Normal,Male,Fashion accessories,62.12,10.0,652.26,2019-02-11,16:19,Cash,5.9
72,510-95-6347,B,Member,Female,Food and beverages,48.52,3.0,152.838,2019-03-05,18:17,Ewallet,4.0
73,841-35-6630,C,Normal,Female,Electronic accessories,75.91,6.0,478.233,2019-03-09,18:21,Cash,8.7
74,287-21-9091,A,Normal,Male,Home and lifestyle,74.67,9.0,705.6315,2019-01-22,10:55,Ewallet,9.4
75,732-94-0499,C,Normal,Female,Electronic accessories,41.65,10.0,437.325,2019-01-13,17:04,Credit card,5.4
76,263-10-3913,C,Member,Male,Fashion accessories,49.04,9.0,463.428,2019-01-09,14:20,Credit card,8.6
77,381-20-0914,A,Member,Female,Fashion accessories,20.01,9.0,189.0945,2019-01-12,15:48,Credit card,5.7
78,829-49-1914,C,Member,Female,Food and beverages,78.31,10.0,822.255,2019-03-05,16:24,Ewallet,6.6
79,756-01-7507,C,Normal,Female,Health and beauty,20.38,5.0,106.995,2019-01-22,18:56,Cash,6.0
80,870-72-4431,C,Normal,Female,Health and beauty,99.19,6.0,624.8969999999999,2019-01-21,14:42,Credit card,5.5
81,847-38-7188,B,Normal,Female,Food and beverages,96.68,3.0,304.54200000000003,2019-01-26,19:56,Ewallet,6.4
82,480-63-2856,C,Normal,Male,Food and beverages,19.25,8.0,161.7,2019-01-23,18:37,Ewallet,6.6
83,787-56-0757,C,Member,Female,Food and beverages,80.36,4.0,337.51199999999994,2019-02-23,18:45,Credit card,8.3
84,360-39-5055,C,Member,Male,Sports and travel,48.91,5.0,256.7775,2019-03-09,10:17,Cash,6.6
85,730-50-9884,C,Normal,Female,Sports and travel,83.06,7.0,610.491,2019-03-05,14:31,Ewallet,4.0
86,362-58-8315,C,Normal,Male,Fashion accessories,76.52,5.0,401.73,2019-03-25,10:23,Cash,9.9
87,633-44-8566,A,Member,Male,Food and beverages,49.38,7.0,362.94300000000004,2019-03-27,20:35,Credit card,7.3
88,504-35-8843,A,Normal,Male,Sports and travel,42.47,1.0,44.5935,2019-01-02,16:57,Cash,5.7
89,318-68-5053,B,Normal,Female,Health and beauty,76.99,6.0,485.037,2019-02-27,17:55,Cash,6.1
90,565-80-5980,C,Member,Female,Home and lifestyle,47.38,4.0,198.99599999999998,2019-01-23,10:25,Cash,7.1
91,225-32-0908,C,Normal,Female,Sports and travel,44.86,10.0,471.03,2019-01-26,19:54,Ewallet,8.2
92,873-51-0671,A,Member,Female,Sports and travel,21.98,7.0,161.553,2019-10-01,16:42,Ewallet,5.1
93,152-08-9985,B,Member,Male,Health and beauty,64.36,9.0,608.202,2019-12-03,12:09,Credit card,8.6
94,512-91-0811,C,Normal,Male,Health and beauty,89.75,1.0,94.2375,2019-06-02,20:05,Credit card,6.6
95,594-34-4444,A,Normal,Male,Electronic accessories,97.16,1.0,102.01799999999999,2019-08-03,20:38,Ewallet,7.2
96,766-85-7061,B,Normal,Male,Health and beauty,87.87,10.0,922.635,2019-03-29,10:25,Ewallet,5.1
97,871-39-9221,C,Normal,Female,Electronic accessories,12.45,6.0,78.435,2019-09-02,13:11,Cash,4.1
98,865-92-6136,A,Normal,Male,Food and beverages,52.75,3.0,166.1625,2019-03-23,10:16,Ewallet,9.3
99,733-01-9107,B,Normal,Male,Home and lifestyle,82.7,6.0,521.01,2019-05-03,18:14,Cash,7.4
100,163-56-7055,C,Member,Male,Fashion accessories,48.71,1.0,51.1455,2019-03-26,19:20,Cash,4.1
101,189-98-2939,C,Normal,Male,Fashion accessories,78.55,9.0,742.2975,2019-01-03,13:22,Cash,7.2
102,551-21-3069,C,Normal,Female,Electronic accessories,23.07,9.0,218.0115,2019-01-02,11:27,Cash,4.9
103,212-62-1842,A,Normal,Male,Food and beverages,58.26,6.0,367.038,2019-03-28,16:44,Cash,9.9
104,716-39-1409,B,Normal,Male,Health and beauty,30.35,7.0,223.0725,2019-03-19,18:19,Cash,8.0
105,704-48-3927,A,Member,Male,Electronic accessories,88.67,10.0,931.035,2019-12-01,14:50,Ewallet,7.3
106,628-34-3388,C,Normal,Male,Fashion accessories,27.38,6.0,172.49400000000003,2019-05-01,20:54,Credit card,7.9
107,630-74-5166,A,Normal,Male,Sports and travel,62.13,6.0,391.41900000000004,2019-03-22,20:19,Cash,7.4
108,588-01-7461,C,Normal,Female,Food and beverages,33.98,9.0,321.111,2019-03-24,10:43,Cash,4.2
109,861-77-0145,C,Member,Male,Electronic accessories,81.97,10.0,860.685,2019-03-03,14:30,Cash,9.2
110,479-26-8945,B,Member,Female,Sports and travel,16.49,2.0,34.629,2019-05-02,11:32,Ewallet,4.6
111,210-67-5886,C,Member,Female,Health and beauty,98.21,3.0,309.3615,2019-05-02,10:41,Credit card,7.8
112,227-78-1148,B,Normal,Female,Fashion accessories,72.84,7.0,535.374,2019-02-15,12:44,Cash,8.4
113,645-44-1170,A,Member,Male,Home and lifestyle,58.07,9.0,548.7615,2019-01-19,20:07,Ewallet,4.3
114,237-01-6122,C,Member,Female,Home and lifestyle,80.79,9.0,763.4655,2019-01-02,20:31,Credit card,9.5
115,225-98-1496,C,Normal,Female,Fashion accessories,27.02,3.0,85.113,2019-02-03,13:01,Credit card,7.1
116,291-32-1427,B,Member,Male,Fashion accessories,21.94,5.0,115.185,2019-05-03,12:29,Ewallet,5.3
117,659-65-8956,B,Member,Male,Fashion accessories,51.36,1.0,53.928000000000004,2019-01-16,15:26,Ewallet,5.2
118,642-32-2990,A,Normal,Female,Food and beverages,10.96,10.0,115.08,2019-02-02,20:48,Ewallet,6.0
119,378-24-2715,B,Normal,Male,Home and lifestyle,53.44,2.0,112.22399999999999,2019-01-20,20:38,Ewallet,4.1
120,638-60-7125,A,Normal,Female,Electronic accessories,99.56,8.0,836.304,2019-02-14,17:03,Credit card,5.2
121,659-36-1684,C,Member,Male,Sports and travel,57.12,7.0,419.832,2019-12-01,12:02,Credit card,6.5
122,219-22-9386,B,Member,Male,Sports and travel,99.96,9.0,944.622,2019-09-03,17:26,Credit card,4.2
123,336-78-2147,C,Member,Male,Home and lifestyle,63.91,8.0,536.844,2019-03-13,19:52,Credit card,4.6
124,268-27-6179,B,Member,Female,Fashion accessories,56.47,8.0,474.348,2019-09-03,14:57,Ewallet,7.3
125,668-90-8900,A,Normal,Female,Home and lifestyle,93.69,7.0,688.6215,2019-10-03,18:44,Credit card,4.5
126,870-54-3162,A,Normal,Female,Sports and travel,32.25,5.0,169.3125,2019-01-27,13:26,Cash,9.0
127,189-08-9157,C,Normal,Female,Fashion accessories,31.73,9.0,299.8485,2019-08-01,16:17,Credit card,5.9
128,663-86-9076,C,Member,Female,Food and beverages,68.54,8.0,575.736,2019-08-01,15:57,Ewallet,8.5
129,549-84-7482,B,Normal,Female,Sports and travel,90.28,9.0,853.1460000000001,2019-08-02,11:15,Ewallet,7.2
130,191-10-6171,B,Normal,Female,Fashion accessories,39.62,7.0,291.207,2019-01-25,13:18,Cash,7.5
131,802-70-5316,A,Member,Female,Sports and travel,92.13,6.0,580.419,2019-06-03,20:34,Cash,8.3
132,695-51-0018,B,Normal,Female,Sports and travel,34.84,4.0,146.328,2019-10-02,18:36,Cash,7.4
133,590-83-4591,B,Member,Male,Electronic accessories,87.45,6.0,550.935,2019-02-17,14:40,Credit card,8.8
134,483-71-1164,C,Normal,Female,Health and beauty,81.3,6.0,512.19,2019-08-03,16:43,Ewallet,5.3
135,597-78-7908,C,Normal,Male,Fashion accessories,90.22,3.0,284.193,2019-02-18,19:39,Cash,6.2
136,700-81-1757,A,Normal,Female,Electronic accessories,26.31,5.0,138.1275,2019-01-18,20:59,Credit card,8.8
137,354-39-5160,A,Member,Female,Home and lifestyle,34.42,6.0,216.84599999999998,2019-02-18,15:39,Cash,9.8
138,241-72-9525,B,Normal,Male,Sports and travel,51.91,10.0,545.055,2019-02-16,12:21,Cash,8.2
139,575-30-8091,A,Normal,Male,Sports and travel,72.5,8.0,609.0,2019-03-16,19:25,Ewallet,9.2
140,731-81-9469,C,Member,Female,Sports and travel,89.8,10.0,942.9,2019-01-23,13:00,Credit card,5.4
141,280-17-4359,C,Member,Male,Health and beauty,90.5,10.0,950.25,2019-01-25,13:48,Cash,8.1
142,338-65-2210,C,Member,Female,Health and beauty,68.6,10.0,720.3,2019-05-02,19:57,Cash,9.1
143,488-25-4221,C,Member,Female,Food and beverages,30.41,1.0,31.9305,2019-02-22,10:36,Credit card,8.4
144,239-10-7476,A,Normal,Female,Home and lifestyle,77.95,6.0,491.085,2019-01-21,16:37,Ewallet,8.0
145,458-41-1477,C,Normal,Female,Health and beauty,46.26,6.0,291.438,2019-08-03,17:11,Credit card,9.5
146,685-64-1609,A,Member,Female,Fashion accessories,30.14,10.0,316.47,2019-10-02,12:28,Ewallet,9.2
147,568-90-5112,C,Normal,Male,Health and beauty,66.14,4.0,277.788,2019-03-19,12:46,Credit card,5.6
148,262-47-2794,B,Member,Male,Home and lifestyle,71.86,8.0,603.624,2019-06-03,15:07,Credit card,6.2
149,238-49-0436,A,Normal,Male,Health and beauty,32.46,8.0,272.664,2019-03-27,13:48,Credit card,4.9
150,608-96-3517,B,Member,Female,Fashion accessories,91.54,4.0,384.468,2019-03-23,19:20,Credit card,4.8
151,584-86-7256,C,Member,Male,Sports and travel,34.56,7.0,254.016,2019-11-03,16:07,Credit card,7.3
152,746-94-0204,A,Normal,Male,Fashion accessories,83.24,9.0,786.6179999999999,2019-01-29,11:56,Credit card,7.4
153,214-17-6927,C,Normal,Female,Food and beverages,16.48,6.0,103.824,2019-07-02,18:23,Ewallet,9.9
154,400-89-4171,C,Normal,Female,Sports and travel,80.97,8.0,680.148,2019-01-28,13:05,Cash,9.3
155,782-95-9291,A,Member,Male,Food and beverages,92.29,5.0,484.5225,2019-02-20,15:55,Credit card,9.0
156,279-74-2924,B,Member,Male,Electronic accessories,72.17,1.0,75.77850000000001,2019-04-01,19:40,Cash,6.1
157,307-85-2293,B,Normal,Male,Home and lifestyle,50.28,5.0,263.97,2019-07-03,13:58,Ewallet,9.7
158,743-04-1105,B,Member,Male,Health and beauty,97.22,9.0,918.729,2019-03-30,14:43,Ewallet,6.0
159,423-57-2993,B,Normal,Male,Sports and travel,93.39,6.0,588.3570000000001,2019-03-27,19:18,Ewallet,10.0
160,894-41-5205,C,Normal,Female,Food and beverages,43.18,8.0,362.712,2019-01-19,19:39,Credit card,8.3
161,275-28-0149,A,Normal,Male,Sports and travel,63.69,1.0,66.8745,2019-02-25,16:21,Cash,6.0
162,101-17-6199,A,Normal,Male,Food and beverages,45.79,7.0,336.5565,2019-03-13,19:44,Credit card,7.0
163,423-80-0988,C,Normal,Male,Sports and travel,76.4,2.0,160.44,2019-01-30,19:42,Ewallet,6.5
164,548-46-9322,B,Normal,Male,Food and beverages,39.9,10.0,418.95,2019-02-20,15:24,Credit card,5.9
165,505-02-0892,B,Member,Male,Health and beauty,42.57,8.0,357.588,2019-02-25,14:12,Ewallet,5.6
166,234-65-2137,C,Normal,Male,Home and lifestyle,95.58,10.0,1003.59,2019-01-16,13:32,Cash,4.8
167,687-47-8271,A,Normal,Male,Fashion accessories,98.98,10.0,1039.29,2019-08-02,16:20,Credit card,8.7
168,796-32-9050,A,Normal,Male,Food and beverages,51.28,6.0,323.064,2019-01-19,16:31,Cash,6.5
169,105-31-1824,A,Member,Male,Sports and travel,69.52,7.0,510.972,2019-01-02,15:10,Credit card,8.5
170,249-42-3782,A,Normal,Male,Health and beauty,70.01,5.0,367.5525,2019-03-01,11:36,Ewallet,5.5
171,316-55-4634,B,Member,Male,Food and beverages,80.05,5.0,420.2625,2019-01-26,12:45,Credit card,9.4
172,733-33-4967,C,Normal,Male,Electronic accessories,20.85,8.0,175.14,2019-03-03,19:17,Cash,6.3
173,608-27-6295,B,Member,Male,Electronic accessories,52.89,6.0,333.207,2019-01-19,17:34,Credit card,9.8
174,414-12-7047,B,Normal,Male,Food and beverages,19.79,8.0,166.236,2019-01-18,12:04,Ewallet,8.7
175,827-26-2100,A,Member,Male,Home and lifestyle,33.84,9.0,319.788,2019-03-21,16:21,Ewallet,8.8
176,175-54-2529,A,Member,Male,Food and beverages,22.17,8.0,186.22799999999998,2019-03-03,17:01,Credit card,9.6
177,139-52-2867,C,Normal,Female,Fashion accessories,22.51,7.0,165.4485,2019-02-13,10:50,Credit card,4.8
178,407-63-8975,A,Normal,Male,Food and beverages,73.88,6.0,465.444,2019-03-23,19:16,Ewallet,4.4
179,342-65-4817,C,Member,Male,Health and beauty,86.8,3.0,273.42,2019-01-28,16:47,Ewallet,9.9
180,130-98-8941,C,Normal,Male,Fashion accessories,64.26,7.0,472.311,2019-09-02,10:00,Cash,5.7
181,434-83-9547,C,Member,Male,Food and beverages,38.47,8.0,323.14799999999997,2019-01-23,11:51,Cash,7.7
182,851-28-6367,A,Member,Male,Sports and travel,15.5,10.0,162.75,2019-03-23,10:55,Ewallet,8.0
183,824-88-3614,C,Normal,Male,Health and beauty,34.31,8.0,288.204,2019-01-25,15:00,Ewallet,5.7
184,586-25-0848,A,Normal,Female,Sports and travel,12.34,7.0,90.699,2019-03-04,11:19,Credit card,6.7
185,895-66-0685,B,Member,Male,Food and beverages,18.08,3.0,56.952,2019-03-05,19:46,Ewallet,8.0
186,305-14-0245,B,Member,Female,Home and lifestyle,94.49,8.0,793.716,2019-03-03,19:00,Ewallet,7.5
187,732-04-5373,B,Member,Male,Home and lifestyle,46.47,4.0,195.174,2019-02-08,10:53,Cash,7.0
188,400-60-7251,A,Normal,Male,Home and lifestyle,74.07,1.0,77.7735,2019-02-10,12:50,Ewallet,9.9
189,593-65-1552,C,Normal,Female,Home and lifestyle,69.81,4.0,293.202,2019-01-28,20:50,Credit card,5.9
190,284-34-9626,B,Normal,Female,Home and lifestyle,77.04,3.0,242.676,2019-02-11,10:39,Credit card,7.2
191,437-58-8131,B,Normal,Female,Fashion accessories,73.52,2.0,154.392,2019-01-15,13:41,Ewallet,4.6
192,286-43-6208,C,Normal,Female,Food and beverages,87.8,9.0,829.71,2019-03-16,19:08,Cash,9.2
193,641-43-2399,B,Normal,Male,Home and lifestyle,25.55,4.0,107.31,2019-01-26,20:23,Ewallet,5.7
194,831-07-6050,A,Normal,Male,Electronic accessories,32.71,5.0,171.72750000000002,2019-03-19,11:30,Credit card,9.9
195,556-86-3144,C,Member,Female,Fashion accessories,74.29,1.0,78.00450000000001,2019-01-13,19:30,Cash,5.0
196,848-24-9445,C,Member,Male,Health and beauty,43.7,2.0,91.77000000000001,2019-03-26,18:03,Cash,4.9
197,856-22-8149,A,Normal,Female,Home and lifestyle,25.29,1.0,26.554499999999997,2019-03-23,10:13,Ewallet,6.1
198,699-01-4164,C,Normal,Male,Health and beauty,41.5,4.0,174.3,2019-03-12,19:58,Credit card,8.2
199,420-11-4919,C,Member,Female,Food and beverages,71.39,5.0,374.7975,2019-02-17,19:57,Credit card,5.5
200,606-80-4905,C,Member,Female,Sports and travel,19.15,6.0,120.64500000000001,2019-01-29,10:01,Credit card,6.8
201,542-41-0513,B,Member,Female,Electronic accessories,57.49,4.0,241.458,2019-03-15,11:57,Cash,6.6
202,426-39-2418,C,Normal,Male,Electronic accessories,61.41,7.0,451.3635,2019-01-14,10:02,Cash,9.8
203,875-46-5808,B,Member,Male,Health and beauty,25.9,10.0,271.95,2019-02-06,14:51,Ewallet,8.7
204,394-43-4238,B,Member,Male,Home and lifestyle,17.77,5.0,93.29249999999999,2019-02-15,12:42,Credit card,5.4
205,749-24-1565,A,Normal,Female,Health and beauty,23.03,9.0,217.6335,2019-01-03,12:02,Ewallet,7.9
206,672-51-8681,C,Member,Female,Electronic accessories,66.65,9.0,629.8425,2019-01-04,18:19,Credit card,9.7
207,263-87-5680,C,Member,Female,Home and lifestyle,28.53,10.0,299.565,2019-03-18,17:38,Ewallet,7.8
208,573-58-9734,B,Normal,Female,Fashion accessories,30.37,3.0,95.6655,2019-03-28,13:41,Ewallet,5.1
209,817-69-8206,B,Normal,Female,Electronic accessories,99.73,9.0,942.4485,2019-03-02,19:42,Credit card,6.5
210,888-02-0338,A,Normal,Male,Electronic accessories,26.23,9.0,247.8735,2019-01-25,20:24,Ewallet,5.9
211,677-11-0152,C,Normal,Female,Food and beverages,93.26,9.0,881.307,2019-01-16,18:08,Cash,8.8
212,142-63-6033,B,Normal,Male,Home and lifestyle,92.36,5.0,484.89,2019-03-20,19:17,Ewallet,4.9
213,656-16-1063,B,Normal,Male,Sports and travel,46.42,3.0,146.22299999999998,2019-01-04,13:24,Credit card,4.4
214,891-58-8335,B,Member,Female,Sports and travel,29.61,7.0,217.6335,2019-03-11,15:53,Cash,6.5
215,802-43-8934,A,Normal,Male,Home and lifestyle,18.28,1.0,19.194000000000003,2019-03-22,15:05,Credit card,8.3
216,560-30-5617,B,Normal,Female,Sports and travel,24.77,5.0,130.0425,2019-03-24,18:27,Cash,8.5
217,319-74-2561,A,Member,Female,Electronic accessories,94.64,3.0,298.116,2019-02-21,16:55,Cash,5.5
218,549-03-9315,B,Normal,Male,Fashion accessories,94.87,8.0,796.908,2019-02-12,12:58,Ewallet,8.7
219,790-29-1172,B,Normal,Female,Food and beverages,57.34,3.0,180.62099999999998,2019-03-10,18:59,Credit card,7.9
220,239-36-3640,B,Normal,Male,Electronic accessories,45.35,6.0,285.705,2019-01-31,13:44,Ewallet,6.1
221,468-01-2051,B,Normal,Male,Food and beverages,62.08,7.0,456.288,2019-03-06,13:46,Ewallet,5.4
222,389-25-3394,C,Normal,Male,Electronic accessories,11.81,5.0,62.0025,2019-02-17,18:06,Cash,9.4
223,279-62-1445,C,Member,Female,Fashion accessories,12.54,1.0,13.167,2019-02-21,12:38,Cash,8.2
224,213-72-6612,A,Normal,Male,Food and beverages,43.25,2.0,90.825,2019-03-20,15:56,Cash,6.2
225,746-68-6593,C,Member,Female,Sports and travel,87.16,2.0,183.03599999999997,2019-01-11,14:29,Credit card,9.7
226,836-82-5858,B,Member,Male,Health and beauty,69.37,9.0,655.5465,2019-01-26,19:14,Ewallet,4.0
227,583-72-1480,C,Member,Male,Electronic accessories,37.06,4.0,155.65200000000002,2019-01-31,16:24,Ewallet,9.7
228,466-61-5506,B,Member,Female,Electronic accessories,90.7,6.0,571.41,2019-02-26,10:52,Cash,5.3
229,721-86-6247,A,Normal,Female,Home and lifestyle,63.42,8.0,532.7280000000001,2019-03-11,12:55,Ewallet,7.4
230,289-65-5721,B,Normal,Female,Fashion accessories,81.37,2.0,170.877,2019-01-26,19:28,Cash,6.5
231,545-46-3100,B,Member,Female,Electronic accessories,10.59,3.0,33.3585,2019-03-12,13:52,Credit card,8.7
232,418-02-5978,B,Normal,Female,Health and beauty,84.09,9.0,794.6505,2019-02-11,10:54,Cash,8.0
233,269-04-5750,B,Member,Male,Fashion accessories,73.82,4.0,310.04400000000004,2019-02-21,18:31,Cash,6.7
234,157-13-5295,A,Member,Male,Health and beauty,51.94,10.0,545.37,2019-03-09,18:24,Ewallet,6.5
235,645-78-8093,A,Normal,Female,Sports and travel,93.14,2.0,195.59400000000002,2019-01-20,18:09,Ewallet,4.1
236,211-30-9270,C,Normal,Male,Health and beauty,17.41,5.0,91.4025,2019-01-28,15:16,Credit card,4.9
237,755-12-3214,C,Member,Female,Fashion accessories,44.22,5.0,232.155,2019-03-05,17:07,Credit card,8.6
238,346-84-3103,B,Member,Female,Electronic accessories,13.22,5.0,69.405,2019-03-02,19:26,Cash,4.3
239,478-06-7835,A,Normal,Male,Fashion accessories,89.69,1.0,94.1745,2019-01-11,11:20,Ewallet,4.9
240,540-11-4336,A,Normal,Male,Food and beverages,24.94,9.0,235.683,2019-01-11,16:49,Credit card,5.6
241,448-81-5016,A,Normal,Male,Health and beauty,59.77,2.0,125.51700000000001,2019-03-11,12:01,Credit card,5.8
242,142-72-4741,C,Member,Male,Fashion accessories,93.2,2.0,195.72,2019-02-28,18:37,Credit card,6.0
243,217-58-1179,A,Member,Male,Home and lifestyle,62.65,4.0,263.13,2019-01-05,11:25,Cash,4.2
244,376-02-8238,B,Normal,Male,Home and lifestyle,93.87,8.0,788.508,2019-02-02,18:42,Credit card,8.3
245,530-90-9855,A,Member,Male,Home and lifestyle,47.59,8.0,399.75600000000003,2019-01-01,14:47,Cash,5.7
246,866-05-7563,B,Member,Female,Electronic accessories,81.4,3.0,256.40999999999997,2019-02-09,19:43,Cash,4.8
247,604-70-6476,A,Member,Male,Fashion accessories,17.94,5.0,94.185,2019-01-23,14:04,Ewallet,6.8
248,799-71-1548,A,Member,Male,Electronic accessories,77.72,4.0,326.424,2019-01-07,16:11,Credit card,8.8
249,785-13-7708,B,Normal,Male,Food and beverages,73.06,7.0,536.991,2019-01-14,19:06,Credit card,4.2
250,845-51-0542,B,Member,Male,Food and beverages,46.55,9.0,439.8975,2019-02-02,15:34,Ewallet,6.4
251,662-47-5456,C,Member,Male,Fashion accessories,35.19,10.0,369.495,2019-03-17,19:06,Credit card,8.4
252,883-17-4236,C,Normal,Female,Sports and travel,14.39,2.0,30.219,2019-03-02,19:44,Credit card,7.2
253,290-68-2984,A,Normal,Male,Home and lifestyle,23.75,4.0,99.75,2019-03-16,11:22,Cash,5.2
254,704-11-6354,A,Member,Male,Home and lifestyle,58.9,8.0,494.76,2019-01-06,11:23,Cash,8.9
255,110-48-7033,B,Member,Male,Fashion accessories,32.62,4.0,137.004,2019-01-29,14:12,Cash,9.0
256,366-93-0948,A,Member,Male,Electronic accessories,66.35,1.0,69.6675,2019-01-31,10:46,Credit card,9.7
257,729-09-9681,A,Member,Male,Home and lifestyle,25.91,6.0,163.233,2019-02-05,10:16,Ewallet,8.7
258,151-16-1484,A,Member,Male,Electronic accessories,32.25,4.0,135.45,2019-02-13,12:38,Ewallet,6.5
259,380-94-4661,C,Member,Male,Electronic accessories,65.94,4.0,276.948,2019-02-07,13:05,Credit card,6.9
260,850-41-9669,A,Normal,Female,Electronic accessories,75.06,9.0,709.317,2019-03-19,13:25,Ewallet,6.2
261,821-07-3596,C,Normal,Female,Fashion accessories,16.45,4.0,69.09,2019-03-07,14:53,Ewallet,5.6
262,655-85-5130,B,Member,Female,Fashion accessories,38.3,4.0,160.86,2019-03-13,19:22,Cash,5.7
263,447-15-7839,A,Member,Female,Sports and travel,22.24,10.0,233.52,2019-02-09,11:00,Cash,4.2
264,154-74-7179,B,Normal,Male,Sports and travel,54.45,1.0,57.1725,2019-02-26,19:24,Ewallet,7.9
265,253-12-6086,A,Member,Female,Sports and travel,98.4,7.0,723.24,2019-12-03,12:43,Credit card,8.7
266,808-65-0703,C,Normal,Male,Home and lifestyle,35.47,4.0,148.974,2019-03-14,17:22,Credit card,6.9
267,571-94-0759,B,Member,Female,Food and beverages,74.6,10.0,783.3,2019-08-01,20:55,Cash,9.5
268,144-51-6085,A,Member,Male,Home and lifestyle,70.74,4.0,297.108,2019-05-01,16:05,Credit card,4.4
269,731-14-2199,A,Member,Female,Home and lifestyle,35.54,10.0,373.17,2019-04-01,13:34,Ewallet,7.0
270,783-09-1637,B,Normal,Female,Sports and travel,67.43,5.0,354.0075,2019-06-03,18:13,Ewallet,6.3
271,687-15-1097,C,Member,Female,Health and beauty,21.12,2.0,44.352,2019-03-01,19:17,Cash,9.7
272,126-54-1082,A,Member,Female,Home and lifestyle,21.54,9.0,203.553,2019-07-01,11:44,Credit card,8.8
273,633-91-1052,A,Normal,Female,Home and lifestyle,12.03,2.0,25.263,2019-01-27,15:51,Cash,5.1
274,477-24-6490,B,Normal,Female,Health and beauty,99.71,6.0,628.173,2019-02-26,16:52,Ewallet,7.9
275,566-19-5475,B,Normal,Male,Fashion accessories,47.97,7.0,352.5795,2019-07-01,20:52,Cash,6.2
276,526-86-8552,C,Member,Female,Home and lifestyle,21.82,10.0,229.11,2019-07-01,17:36,Cash,7.1
277,376-56-3573,C,Normal,Female,Fashion accessories,95.42,4.0,400.764,2019-02-02,13:23,Ewallet,6.4
278,537-72-0426,C,Member,Male,Fashion accessories,70.99,10.0,745.395,2019-03-20,16:28,Cash,5.7
279,828-61-5674,A,Member,Male,Sports and travel,44.02,10.0,462.21,2019-03-20,19:57,Credit card,9.6
280,136-08-6195,A,Normal,Female,Home and lifestyle,69.96,8.0,587.664,2019-02-15,17:01,Credit card,6.4
281,523-38-0215,C,Normal,Male,Home and lifestyle,37.0,1.0,38.85,2019-06-03,13:29,Credit card,7.9
282,490-29-1201,A,Normal,Female,Sports and travel,15.34,1.0,16.107,2019-06-01,11:09,Cash,6.5
283,667-92-0055,A,Member,Male,Health and beauty,99.83,6.0,628.929,2019-04-03,15:02,Ewallet,8.5
284,565-17-3836,A,Member,Female,Health and beauty,47.67,4.0,200.21400000000003,2019-12-03,14:21,Cash,9.1
285,498-41-1961,B,Normal,Male,Health and beauty,66.68,5.0,350.07,2019-02-20,18:01,Cash,7.6
286,593-95-4461,C,Member,Male,Home and lifestyle,74.86,1.0,78.60300000000001,2019-03-24,14:49,Cash,6.9
287,226-71-3580,C,Normal,Female,Sports and travel,23.75,9.0,224.4375,2019-01-31,12:02,Cash,9.5
288,283-79-9594,B,Normal,Female,Food and beverages,48.51,7.0,356.5485,2019-01-25,13:30,Credit card,5.2
289,430-60-3493,A,Member,Female,Home and lifestyle,94.88,7.0,697.368,2019-03-02,14:38,Cash,4.2
290,139-20-0155,B,Member,Male,Electronic accessories,40.3,10.0,423.15,2019-01-24,17:37,Credit card,7.0
291,558-80-4082,C,Normal,Male,Electronic accessories,27.85,7.0,204.6975,2019-03-14,17:20,Ewallet,6.0
292,278-97-7759,A,Member,Female,Electronic accessories,62.48,1.0,65.604,2019-02-18,20:29,Cash,4.7
293,316-68-6352,A,Member,Female,Food and beverages,36.36,2.0,76.35600000000001,2019-01-21,10:00,Cash,7.1
294,585-03-5943,B,Normal,Male,Health and beauty,18.11,10.0,190.155,2019-03-13,11:46,Ewallet,5.9
295,211-05-0490,C,Member,Female,Electronic accessories,51.92,5.0,272.58,2019-03-03,13:42,Cash,7.5
296,727-75-6477,C,Normal,Male,Electronic accessories,28.84,4.0,121.12799999999999,2019-03-29,14:44,Cash,6.4
297,744-02-5987,A,Member,Male,Home and lifestyle,78.38,6.0,493.79400000000004,2019-10-01,14:16,Ewallet,5.8
298,307-83-9164,A,Member,Male,Home and lifestyle,60.01,4.0,252.042,2019-01-25,15:54,Cash,4.5
299,779-06-0012,C,Member,Female,Home and lifestyle,88.61,1.0,93.0405,2019-01-19,10:21,Cash,7.7
300,446-47-6729,C,Normal,Male,Fashion accessories,99.82,2.0,209.622,2019-02-01,18:09,Credit card,6.7
301,573-10-3877,B,Member,Male,Health and beauty,39.01,1.0,40.9605,2019-12-03,16:46,Credit card,4.7
302,735-06-4124,C,Normal,Male,Food and beverages,48.61,1.0,51.0405,2019-02-25,15:31,Cash,4.4
303,439-54-7422,A,Normal,Female,Electronic accessories,51.19,4.0,214.998,2019-03-18,17:15,Credit card,4.7
304,396-90-2219,B,Normal,Female,Electronic accessories,14.96,8.0,125.664,2019-02-23,12:29,Cash,8.6
305,411-77-0180,A,Member,Male,Electronic accessories,72.2,7.0,530.67,2019-03-26,20:14,Ewallet,4.3
306,286-01-5402,A,Normal,Female,Sports and travel,40.23,7.0,295.6905,2019-03-30,13:22,Cash,9.6
307,803-17-8013,A,Member,Female,Home and lifestyle,88.79,8.0,745.836,2019-02-17,17:09,Cash,4.1
308,512-98-1403,A,Member,Female,Electronic accessories,26.48,3.0,83.412,2019-03-21,10:40,Ewallet,4.7
309,848-42-2560,A,Normal,Female,Fashion accessories,81.91,2.0,172.011,2019-05-03,17:43,Cash,7.8
310,532-59-7201,B,Member,Male,Sports and travel,79.93,6.0,503.559,2019-01-31,14:04,Cash,5.5
311,181-94-6432,C,Member,Male,Fashion accessories,69.33,2.0,145.593,2019-05-02,19:05,Ewallet,9.7
312,870-76-1733,A,Member,Female,Food and beverages,14.23,5.0,74.7075,2019-01-02,10:08,Credit card,4.4
313,423-64-4619,A,Member,Female,Health and beauty,15.55,9.0,146.9475,2019-07-03,13:12,Cash,5.0
314,227-07-4446,C,Member,Female,Electronic accessories,78.13,10.0,820.365,2019-10-02,20:51,Cash,4.4
315,174-36-3675,C,Member,Male,Food and beverages,99.37,2.0,208.67700000000002,2019-02-14,17:29,Cash,5.2
316,428-83-5800,C,Member,Female,Food and beverages,21.08,3.0,66.402,2019-09-02,10:25,Cash,7.3
317,603-07-0961,C,Member,Male,Electronic accessories,74.79,5.0,392.6475,2019-10-01,11:34,Cash,4.9
318,704-20-4138,C,Member,Female,Health and beauty,29.67,7.0,218.0745,2019-11-03,18:58,Credit card,8.1
319,787-15-1757,C,Member,Male,Health and beauty,44.07,4.0,185.09400000000002,2019-02-18,16:28,Ewallet,8.4
320,649-11-3678,C,Normal,Female,Food and beverages,22.93,9.0,216.6885,2019-02-26,20:26,Cash,5.5
321,622-20-1945,C,Normal,Female,Health and beauty,39.42,1.0,41.391000000000005,2019-01-18,15:08,Cash,8.4
322,372-94-8041,A,Normal,Male,Health and beauty,15.26,6.0,96.13799999999999,2019-02-15,18:03,Ewallet,9.8
323,563-91-7120,A,Normal,Female,Fashion accessories,61.77,5.0,324.2925,2019-08-03,13:21,Cash,6.7
324,746-54-5508,A,Normal,Male,Home and lifestyle,21.52,6.0,135.576,2019-01-17,12:48,Credit card,9.4
325,276-54-0879,B,Normal,Male,Sports and travel,97.74,4.0,410.50800000000004,2019-12-03,19:53,Ewallet,6.4
326,815-11-1168,A,Member,Male,Food and beverages,99.78,5.0,523.845,2019-09-03,19:09,Cash,5.4
327,719-76-3868,C,Member,Male,Food and beverages,94.26,4.0,395.892,2019-12-03,16:30,Cash,8.6
328,730-61-8757,B,Member,Male,Health and beauty,51.13,4.0,214.74599999999998,2019-01-25,10:11,Credit card,4.0
329,340-66-0321,A,Member,Male,Electronic accessories,36.36,4.0,152.71200000000002,2019-03-25,13:07,Cash,7.6
330,868-81-1752,B,Normal,Male,Home and lifestyle,22.02,9.0,208.08900000000003,2019-07-02,18:48,Cash,6.8
331,634-97-8956,A,Normal,Male,Food and beverages,32.9,3.0,103.635,2019-02-17,17:27,Credit card,9.1
332,566-71-1091,A,Normal,Male,Fashion accessories,77.02,5.0,404.355,2019-03-02,15:59,Cash,5.5
333,442-48-3607,A,Member,Male,Food and beverages,23.48,2.0,49.308,2019-03-14,11:21,Credit card,7.9
334,835-16-0096,C,Member,Male,Sports and travel,14.7,5.0,77.175,2019-03-24,13:48,Ewallet,8.5
335,527-09-6272,A,Member,Female,Electronic accessories,28.45,5.0,149.3625,2019-03-21,10:17,Credit card,9.1
336,898-04-2717,A,Normal,Male,Fashion accessories,76.4,9.0,721.98,2019-03-19,15:49,Ewallet,7.5
337,692-27-8933,B,Normal,Female,Sports and travel,57.95,6.0,365.085,2019-02-24,13:02,Cash,5.2
338,633-09-3463,C,Normal,Female,Electronic accessories,47.65,3.0,150.0975,2019-03-28,12:58,Credit card,9.5
339,374-17-3652,B,Member,Female,Food and beverages,42.82,9.0,404.649,2019-05-02,15:26,Credit card,8.9
340,378-07-7001,B,Member,Male,Electronic accessories,48.09,3.0,151.4835,2019-10-02,18:23,Credit card,7.8
341,433-75-6987,B,Member,Female,Health and beauty,55.97,7.0,411.3795,2019-05-03,19:06,Ewallet,8.9
342,873-95-4984,B,Member,Female,Health and beauty,76.9,7.0,565.215,2019-02-15,20:21,Cash,7.7
343,416-13-5917,C,Normal,Female,Food and beverages,97.03,5.0,509.4075,2019-01-30,16:24,Ewallet,9.3
344,150-89-8043,A,Normal,Male,Sports and travel,44.65,3.0,140.6475,2019-02-14,15:04,Cash,6.2
345,135-84-8019,A,Normal,Female,Fashion accessories,77.93,9.0,736.4385,2019-02-27,16:10,Ewallet,7.6
346,441-94-7118,A,Member,Male,Electronic accessories,71.95,1.0,75.5475,2019-04-02,12:14,Cash,7.3
347,725-96-3778,C,Member,Female,Home and lifestyle,89.25,8.0,749.7,2019-01-20,10:13,Cash,4.7
348,531-80-1784,A,Normal,Male,Electronic accessories,26.02,7.0,191.247,2019-03-28,17:38,Cash,5.1
349,400-45-1220,B,Normal,Female,Health and beauty,13.5,10.0,141.75,2019-02-27,11:06,Credit card,4.8
350,860-79-0874,C,Member,Female,Fashion accessories,99.3,10.0,1042.65,2019-02-15,14:53,Credit card,6.6
351,834-61-8124,A,Normal,Male,Electronic accessories,51.69,7.0,379.9215,2019-01-26,18:22,Cash,5.5
352,115-99-4379,B,Member,Female,Fashion accessories,54.73,7.0,402.2655,2019-03-14,19:02,Credit card,8.5
353,565-67-6697,B,Member,Male,Home and lifestyle,27.0,9.0,255.15,2019-02-03,14:16,Cash,4.8
354,320-49-6392,C,Normal,Female,Electronic accessories,30.24,1.0,31.752,2019-04-03,15:44,Cash,8.4
355,889-04-9723,B,Member,Female,Food and beverages,89.14,4.0,374.38800000000003,2019-07-01,12:20,Credit card,7.8
356,632-90-0281,C,Normal,Female,Fashion accessories,37.55,10.0,394.275,2019-08-03,20:01,Credit card,9.3
357,554-42-2417,C,Normal,Female,Sports and travel,95.44,10.0,1002.12,2019-09-01,13:45,Cash,5.2
358,453-63-6187,B,Normal,Male,Electronic accessories,27.5,3.0,86.625,2019-01-03,15:40,Ewallet,6.5
359,578-80-7669,B,Normal,Male,Sports and travel,74.97,1.0,78.7185,2019-03-16,16:58,Cash,5.6
360,612-36-5536,A,Member,Male,Food and beverages,80.96,8.0,680.064,2019-02-17,11:12,Credit card,7.4
361,605-72-4132,C,Normal,Female,Food and beverages,94.47,8.0,793.548,2019-02-27,15:12,Cash,9.1
362,471-41-2823,C,Normal,Male,Food and beverages,99.79,2.0,209.55900000000003,2019-07-03,20:37,Ewallet,8.0
363,462-67-9126,A,Normal,Male,Home and lifestyle,73.22,6.0,461.286,2019-01-21,17:44,Cash,7.2
364,272-27-9238,C,Normal,Female,Food and beverages,41.24,4.0,173.208,2019-02-19,16:23,Cash,7.1
365,834-25-9262,C,Normal,Female,Fashion accessories,81.68,4.0,343.056,2019-06-01,12:12,Cash,9.1
366,122-61-9553,C,Normal,Female,Electronic accessories,51.32,9.0,484.974,2019-03-14,19:33,Cash,5.6
367,468-88-0009,A,Member,Male,Home and lifestyle,65.94,4.0,276.948,2019-03-24,10:29,Cash,6.0
368,613-59-9758,C,Normal,Female,Sports and travel,14.36,10.0,150.78,2019-01-27,14:28,Cash,5.4
369,254-31-0042,A,Member,Male,Electronic accessories,21.5,9.0,203.175,2019-06-03,12:46,Credit card,7.8
370,201-86-2184,B,Member,Female,Electronic accessories,26.26,7.0,193.011,2019-02-02,19:40,Cash,9.9
371,261-12-8671,B,Normal,Female,Fashion accessories,60.96,2.0,128.016,2019-01-25,19:39,Credit card,4.9
372,730-70-9830,C,Normal,Female,Home and lifestyle,70.11,6.0,441.69300000000004,2019-03-14,17:54,Ewallet,5.2
373,382-25-8917,C,Normal,Male,Fashion accessories,42.08,6.0,265.10400000000004,2019-01-29,12:25,Cash,8.9
374,422-29-8786,A,Normal,Female,Home and lifestyle,67.09,5.0,352.2225,2019-03-01,16:47,Credit card,9.1
375,667-23-5919,A,Member,Female,Fashion accessories,96.7,5.0,507.675,2019-01-14,12:52,Ewallet,7.0
376,843-01-4703,B,Member,Female,Home and lifestyle,35.38,9.0,334.341,2019-05-01,19:50,Credit card,9.6
377,743-88-1662,C,Normal,Male,Sports and travel,95.49,7.0,701.8515,2019-02-22,18:17,Ewallet,8.7
378,595-86-2894,C,Member,Male,Fashion accessories,96.98,4.0,407.316,2019-06-02,17:20,Ewallet,9.4
379,182-69-8360,B,Normal,Female,Electronic accessories,23.65,4.0,99.33,2019-01-30,13:32,Credit card,4.0
380,289-15-7034,A,Member,Male,Sports and travel,82.33,4.0,345.786,2019-11-01,10:37,Credit card,7.5
381,462-78-5240,C,Normal,Female,Electronic accessories,26.61,2.0,55.881,2019-03-19,14:35,Cash,4.2
382,868-52-7573,B,Normal,Female,Food and beverages,99.69,5.0,523.3725,2019-01-14,12:09,Cash,9.9
383,153-58-4872,C,Member,Female,Food and beverages,74.89,4.0,314.538,2019-01-03,15:32,Ewallet,4.2
384,662-72-2873,A,Normal,Female,Food and beverages,40.94,5.0,214.935,2019-06-01,13:58,Ewallet,9.9
385,525-88-7307,B,Member,Male,Sports and travel,75.82,1.0,79.611,2019-01-31,13:19,Cash,5.8
386,689-16-9784,C,Normal,Male,Food and beverages,46.77,6.0,294.651,2019-11-03,13:37,Cash,6.0
387,725-56-0833,A,Normal,Female,Health and beauty,32.32,10.0,339.36,2019-02-20,16:49,Credit card,10.0
388,394-41-0748,C,Member,Female,Fashion accessories,54.07,9.0,510.9615,2019-01-27,14:55,Ewallet,9.5
389,596-42-3999,B,Normal,Male,Food and beverages,18.22,7.000000000000001,133.917,2019-10-03,14:04,Credit card,6.6
390,541-89-9860,C,Member,Female,Fashion accessories,80.48,3.0,253.512,2019-02-15,12:31,Cash,8.1
391,173-82-9529,B,Normal,Female,Fashion accessories,37.95,10.0,398.475,2019-01-26,14:51,Cash,9.7
392,563-36-9814,A,Member,Male,Electronic accessories,76.82,1.0,80.661,2019-02-13,18:27,Ewallet,7.2
393,308-47-4913,A,Member,Female,Sports and travel,52.26,10.0,548.73,2019-09-03,12:45,Credit card,6.2
394,885-17-6250,A,Normal,Female,Health and beauty,79.74,1.0,83.727,2019-06-03,10:36,Ewallet,7.3
395,726-27-2396,A,Normal,Female,Health and beauty,77.5,5.0,406.875,2019-01-24,20:36,Ewallet,4.3
396,316-01-3952,A,Normal,Female,Food and beverages,54.27,5.0,284.9175,2019-03-13,14:16,Ewallet,4.6
397,760-54-1821,B,Normal,Male,Home and lifestyle,13.59,9.0,128.4255,2019-03-15,10:26,Cash,5.8
398,793-10-3222,B,Member,Female,Health and beauty,41.06,6.0,258.678,2019-05-03,13:30,Credit card,8.3
399,346-12-3257,B,Member,Male,Electronic accessories,19.24,9.0,181.81799999999998,2019-04-03,16:28,Cash,8.0
400,110-05-6330,C,Normal,Female,Food and beverages,39.43,6.0,248.40900000000002,2019-03-25,20:18,Credit card,9.4
401,651-61-0874,C,Normal,Male,Home and lifestyle,46.22,4.0,194.12400000000002,2019-12-03,20:04,Credit card,6.2
402,236-86-3015,C,Member,Male,Home and lifestyle,13.98,1.0,14.679,2019-04-02,13:38,Ewallet,9.8
403,831-64-0259,B,Normal,Female,Fashion accessories,39.75,5.0,208.6875,2019-02-22,10:43,Ewallet,9.6
404,587-03-7455,C,Member,Female,Fashion accessories,97.79,6.999999999999999,718.7565,2019-02-16,17:30,Ewallet,4.9
405,882-40-4577,A,Member,Male,Sports and travel,67.26,4.0,282.492,2019-01-19,15:28,Credit card,8.0
406,732-67-5346,A,Normal,Male,Food and beverages,13.79,5.000000000000001,72.3975,2019-11-01,19:07,Credit card,7.8
407,725-32-9708,B,Member,Female,Fashion accessories,68.71,4.0,288.582,2019-04-01,19:01,Cash,4.1
408,256-08-8343,A,Normal,Female,Home and lifestyle,56.53,4.0,237.426,2019-04-03,19:48,Ewallet,5.5
409,372-26-1506,C,Normal,Female,Fashion accessories,23.82,5.0,125.055,2019-01-28,19:24,Ewallet,5.4
410,244-08-0162,B,Normal,Female,Health and beauty,34.21,10.0,359.205,2019-02-01,13:00,Cash,5.1
411,569-71-4390,B,Normal,Male,Sports and travel,21.87,2.0,45.927,2019-01-25,14:29,Ewallet,6.9
412,132-23-6451,A,Member,Male,Health and beauty,20.97,5.0,110.0925,2019-04-01,13:21,Cash,7.8
413,696-90-2548,A,Normal,Male,Sports and travel,25.84,3.0,81.396,2019-10-03,18:55,Ewallet,6.6
414,472-15-9636,A,Normal,Male,Home and lifestyle,50.93,8.0,427.81199999999995,2019-03-22,19:36,Ewallet,9.2
415,268-03-6164,B,Normal,Male,Health and beauty,96.11,1.0,100.9155,2019-01-25,16:28,Ewallet,7.8
416,750-57-9686,C,Normal,Female,Home and lifestyle,45.38,4.0,190.59599999999998,2019-08-01,13:48,Credit card,8.7
417,186-09-3669,C,Member,Female,Health and beauty,81.51,1.0,85.5855,2019-01-22,10:57,Ewallet,9.2
418,848-07-1692,B,Normal,Female,Health and beauty,57.22,2.0,120.162,2019-12-01,17:13,Ewallet,8.3
419,745-71-3520,A,Member,Female,Electronic accessories,25.22,7.0,185.36700000000002,2019-04-02,10:23,Cash,8.2
420,266-76-6436,C,Member,Female,Food and beverages,38.6,3.0,121.59,2019-03-28,13:57,Ewallet,7.5
421,740-22-2500,C,Normal,Female,Electronic accessories,84.05,3.0,264.7575,2019-01-23,13:29,Cash,9.8
422,271-88-8734,C,Member,Female,Fashion accessories,97.21000000000001,10.0,1020.705,2019-08-02,13:00,Credit card,8.7
423,301-81-8610,B,Member,Male,Fashion accessories,25.42,8.0,213.528,2019-03-19,19:42,Credit card,6.7
424,489-64-4354,C,Normal,Male,Fashion accessories,16.28,1.0,17.094,2019-09-03,15:36,Cash,5.0
425,198-84-7132,B,Member,Male,Fashion accessories,40.61,9.0,383.7645,2019-02-01,13:40,Cash,7.0
426,269-10-8440,A,Member,Male,Health and beauty,53.17,7.0,390.7995,2019-01-21,18:01,Cash,8.9
427,650-98-6268,B,Member,Female,Food and beverages,20.87,3.0,65.7405,2019-03-20,13:53,Credit card,8.0
428,741-73-3559,B,Normal,Male,Sports and travel,67.27000000000001,5.0,353.1675,2019-02-27,17:27,Cash,6.9
429,325-77-6186,A,Member,Female,Home and lifestyle,90.65,10.0,951.825,2019-08-03,10:53,Ewallet,7.3
430,286-75-7818,B,Normal,Male,Fashion accessories,69.08,2.0,145.06799999999998,2019-01-31,19:48,Credit card,6.9
431,574-57-9721,C,Normal,Male,Food and beverages,43.27,2.0,90.867,2019-08-03,16:53,Ewallet,5.7
432,459-50-7686,A,Normal,Female,Electronic accessories,23.459999999999997,6.0,147.798,2019-01-13,19:14,Ewallet,6.4
433,616-87-0016,B,Normal,Male,Fashion accessories,95.53999999999999,7.0,702.2189999999999,2019-09-03,14:36,Credit card,9.6
434,837-55-7229,B,Normal,Female,Fashion accessories,47.44,1.0,49.812,2019-02-22,18:19,Credit card,6.8
435,751-69-0068,C,Normal,Male,Sports and travel,99.24,9.0,937.818,2019-03-19,19:09,Ewallet,9.0
436,257-73-1380,C,Member,Male,Sports and travel,82.93,4.0,348.306,2019-01-20,16:51,Ewallet,9.6
437,345-08-4992,A,Normal,Male,Home and lifestyle,33.99,6.0,214.137,2019-08-03,15:37,Credit card,7.7
438,549-96-4200,C,Member,Male,Food and beverages,17.04,4.0,71.568,2019-08-03,20:15,Ewallet,7.0
439,810-60-6344,C,Normal,Female,Electronic accessories,40.86,8.0,343.224,2019-07-02,14:38,Credit card,6.5
440,450-28-2866,C,Member,Male,Food and beverages,17.44,5.0,91.56,2019-01-15,19:25,Cash,8.1
441,394-30-3170,B,Member,Female,Sports and travel,88.43,8.0,742.812,2019-03-22,19:35,Credit card,4.3
442,138-17-5109,A,Member,Female,Home and lifestyle,89.21,9.0,843.0345,2019-01-15,15:42,Credit card,6.5
443,192-98-7397,C,Normal,Male,Fashion accessories,12.78,1.0,13.419,2019-08-01,14:11,Ewallet,9.5
444,301-11-9629,A,Normal,Female,Sports and travel,19.1,7.0,140.385,2019-01-15,10:43,Cash,9.7
445,390-80-5128,B,Member,Female,Health and beauty,19.15,1.0,20.1075,2019-01-28,17:58,Credit card,9.5
446,235-46-8343,C,Member,Male,Food and beverages,27.66,10.0,290.43,2019-02-14,11:26,Credit card,8.9
447,453-12-7053,C,Normal,Male,Fashion accessories,45.74,3.0,144.08100000000002,2019-10-03,17:38,Credit card,6.5
448,296-11-7041,B,Member,Female,Health and beauty,27.07,1.0,28.4235,2019-12-01,20:07,Credit card,5.3
449,449-27-2918,B,Member,Female,Sports and travel,39.12,1.0,41.076,2019-03-26,11:02,Credit card,9.6
450,891-01-7034,B,Normal,Female,Electronic accessories,74.71,6.0,470.673,2019-01-01,19:07,Cash,6.7
451,744-09-5786,B,Normal,Male,Electronic accessories,22.01,6.0,138.66299999999998,2019-02-01,18:50,Cash,7.6
452,727-17-0390,A,Normal,Female,Food and beverages,63.61,5.0,333.9525,2019-03-16,12:43,Ewallet,4.8
453,568-88-3448,A,Normal,Male,Health and beauty,25.0,1.0,26.25,2019-03-03,15:09,Ewallet,5.5
454,187-83-5490,A,Member,Male,Electronic accessories,20.77,4.0,87.234,2019-01-31,13:47,Cash,4.7
455,767-54-1907,B,Member,Female,Fashion accessories,29.56,5.0,155.19,2019-02-13,16:59,Cash,6.9
456,710-46-4433,B,Member,Female,Food and beverages,77.4,9.0,731.43,2019-02-15,14:15,Credit card,4.5
457,533-33-5337,B,Normal,Male,Electronic accessories,79.39,10.0,833.595,2019-07-02,20:24,Cash,6.2
458,325-90-8763,C,Member,Female,Electronic accessories,46.57,10.0,488.985,2019-01-27,13:58,Cash,7.6
459,729-46-7422,C,Normal,Male,Food and beverages,35.89,1.0,37.6845,2019-02-23,16:52,Credit card,7.9
460,639-76-1242,C,Normal,Male,Food and beverages,40.52,5.0,212.73,2019-03-02,15:19,Cash,4.5
461,234-03-4040,B,Member,Female,Food and beverages,73.05,10.0,767.025,2019-03-03,12:25,Credit card,8.7
462,326-71-2155,C,Normal,Female,Sports and travel,73.95,4.0,310.59,2019-03-02,10:02,Cash,6.1
463,320-32-8842,C,Member,Female,Food and beverages,22.62,1.0,23.750999999999998,2019-03-17,18:58,Cash,6.4
464,470-32-9057,A,Member,Male,Food and beverages,51.34,5.0,269.535,2019-03-28,15:31,Credit card,9.1
465,878-30-2331,C,Member,Female,Sports and travel,54.55,10.0,572.775,2019-02-03,11:22,Credit card,7.1
466,440-59-5691,C,Member,Female,Health and beauty,37.15,7.000000000000001,273.0525,2019-08-02,13:12,Credit card,7.7
467,554-53-3790,B,Normal,Male,Sports and travel,37.02,6.0,233.226,2019-03-22,18:33,Cash,4.5
468,746-19-0921,C,Normal,Male,Food and beverages,21.58,1.0,22.659000000000002,2019-09-02,10:02,Ewallet,7.2
469,233-34-0817,C,Member,Female,Electronic accessories,98.84,1.0,103.78200000000001,2019-02-15,11:21,Cash,8.4
470,767-05-1286,C,Member,Female,Home and lifestyle,83.77,6.0,527.751,2019-01-23,12:10,Ewallet,5.4
471,340-21-9136,A,Member,Female,Sports and travel,40.05,4.0,168.21,2019-01-25,11:40,Cash,9.7
472,405-31-3305,A,Member,Male,Fashion accessories,43.13,10.0,452.865,2019-02-02,18:31,Credit card,5.5
473,731-59-7531,B,Member,Male,Health and beauty,72.57,8.0,609.5880000000001,2019-03-30,17:58,Cash,4.6
474,676-39-6028,A,Member,Female,Electronic accessories,64.44,5.0,338.31,2019-03-30,17:04,Cash,6.6
475,502-05-1910,A,Normal,Male,Health and beauty,65.18,2.9999999999999996,205.317,2019-02-25,20:35,Credit card,6.3
476,485-30-8700,A,Normal,Female,Sports and travel,33.26,5.000000000000001,174.615,2019-03-18,16:10,Credit card,4.2
477,598-47-9715,C,Normal,Male,Electronic accessories,84.07,4.0,353.094,2019-07-03,16:54,Ewallet,4.4
478,701-69-8742,B,Normal,Male,Sports and travel,34.37,10.0,360.885,2019-03-16,10:11,Ewallet,6.7
479,575-67-1508,A,Normal,Male,Electronic accessories,38.6,1.0,40.53,2019-01-29,11:26,Ewallet,6.7
480,541-08-3113,C,Normal,Male,Food and beverages,65.97,8.0,554.148,2019-02-02,20:29,Cash,8.4
481,246-11-3901,C,Normal,Female,Electronic accessories,32.8,10.0,344.4,2019-02-15,12:12,Cash,6.2
482,674-15-9296,A,Normal,Male,Sports and travel,37.14,5.0,194.985,2019-08-01,13:05,Ewallet,5.0
483,305-18-3552,B,Member,Male,Home and lifestyle,60.38,9.999999999999998,633.99,2019-12-02,16:19,Cash,6.0
484,493-65-6248,C,Member,Female,Sports and travel,36.98,10.000000000000002,388.29,2019-01-01,19:48,Credit card,7.0
485,438-01-4015,B,Member,Female,Sports and travel,49.49,4.0,207.858,2019-03-21,15:25,Ewallet,6.6
486,709-58-4068,B,Normal,Female,Fashion accessories,41.09,9.999999999999998,431.445,2019-02-28,14:42,Cash,7.3
487,795-49-7276,A,Normal,Male,Fashion accessories,37.15,4.0,156.03,2019-03-23,18:59,Ewallet,8.3
488,556-72-8512,C,Normal,Male,Home and lifestyle,22.96,1.0,24.108,2019-01-30,20:47,Cash,4.3
489,627-95-3243,B,Member,Female,Home and lifestyle,77.68,9.0,734.076,2019-04-02,13:21,Ewallet,9.8
490,686-41-0932,B,Normal,Female,Fashion accessories,34.7,2.0,72.87,2019-03-13,19:48,Ewallet,8.2
491,510-09-5628,A,Member,Female,Fashion accessories,19.66,10.0,206.43,2019-03-15,18:20,Credit card,7.2
492,608-04-3797,B,Member,Female,Health and beauty,25.32,8.0,212.688,2019-05-03,20:24,Ewallet,8.7
493,148-82-2527,C,Member,Female,Home and lifestyle,12.12,10.0,127.26,2019-05-03,13:44,Credit card,8.4
494,437-53-3084,B,Normal,Male,Fashion accessories,99.89,2.0,209.769,2019-02-26,11:48,Ewallet,7.1
495,632-32-4574,B,Normal,Male,Sports and travel,75.92,8.0,637.7280000000001,2019-03-20,14:14,Cash,5.5
496,556-97-7101,C,Normal,Female,Electronic accessories,63.22,2.0,132.762,2019-01-01,15:51,Cash,8.5
497,862-59-8517,C,Normal,Female,Food and beverages,90.24,6.0,568.512,2019-01-27,11:17,Cash,6.2
498,401-18-8016,B,Member,Female,Sports and travel,98.13,1.0,103.0365,2019-01-21,17:36,Cash,8.9
499,420-18-8989,A,Member,Female,Sports and travel,51.52,8.0,432.76800000000003,2019-02-02,15:47,Cash,9.6
500,277-63-2961,B,Member,Male,Sports and travel,73.97,1.0,77.6685,2019-02-03,15:53,Credit card,5.4
501,573-98-8548,C,Member,Female,Fashion accessories,31.9,1.0,33.495,2019-01-05,12:40,Ewallet,9.1
502,620-02-2046,C,Normal,Male,Home and lifestyle,69.4,2.0,145.74,2019-01-27,19:48,Ewallet,9.0
503,282-35-2475,B,Normal,Female,Sports and travel,93.31,2.0,195.951,2019-03-25,17:53,Cash,6.3
504,511-54-3087,B,Normal,Male,Sports and travel,88.45,1.0,92.8725,2019-02-25,16:36,Credit card,9.5
505,726-29-6793,A,Member,Male,Electronic accessories,24.18,8.0,203.112,2019-01-28,20:54,Ewallet,9.8
506,387-49-4215,B,Member,Female,Sports and travel,48.5,3.0,152.775,2019-01-08,12:50,Cash,6.7
507,862-17-9201,B,Normal,Female,Food and beverages,84.05,6.0,529.515,2019-01-29,10:48,Credit card,7.7
508,291-21-5991,B,Member,Male,Health and beauty,61.29,5.0,321.7725,2019-03-29,14:28,Cash,7.0
509,602-80-9671,C,Member,Female,Home and lifestyle,15.95,6.0,100.485,2019-02-09,17:15,Credit card,5.1
510,347-72-6115,B,Member,Female,Sports and travel,90.74,7.0,666.939,2019-01-16,18:03,Credit card,6.2
511,209-61-0206,A,Normal,Female,Home and lifestyle,42.91,5.0,225.2775,2019-01-05,17:29,Ewallet,6.1
512,595-27-4851,A,Normal,Female,Fashion accessories,54.28,7.0,398.958,2019-01-27,18:05,Ewallet,9.3
513,189-52-0236,A,Normal,Male,Electronic accessories,99.55,7.0,731.6925,2019-03-14,12:07,Cash,7.6
514,503-07-0930,C,Member,Male,Sports and travel,58.39,7.0,429.1665,2019-02-23,19:49,Credit card,8.2
515,413-20-6708,C,Member,Female,Fashion accessories,51.47,1.0,54.0435,2019-03-18,15:52,Ewallet,8.5
516,425-85-2085,B,Member,Male,Health and beauty,54.86,5.0,288.015,2019-03-29,16:48,Ewallet,9.8
517,521-18-7827,C,Member,Male,Home and lifestyle,39.39,5.0,206.7975,2019-01-22,20:46,Credit card,8.7
518,220-28-1851,A,Normal,Male,Home and lifestyle,34.73,2.0,72.933,2019-03-01,18:14,Ewallet,9.7
519,600-38-9738,C,Member,Male,Sports and travel,71.92,5.0,377.58,2019-01-17,15:05,Credit card,4.3
520,734-91-1155,B,Normal,Female,Electronic accessories,45.71,3.0,143.9865,2019-03-26,10:34,Credit card,7.7
521,451-28-5717,C,Member,Female,Home and lifestyle,83.17,6.0,523.971,2019-03-20,11:23,Cash,7.3
522,609-81-8548,A,Member,Female,Home and lifestyle,37.44,6.0,235.872,2019-02-06,13:55,Credit card,5.9
523,133-14-7229,C,Normal,Male,Health and beauty,62.87,2.0,132.02700000000002,2019-01-01,11:43,Cash,5.0
524,534-01-4457,A,Normal,Male,Food and beverages,81.71,6.0,514.773,2019-01-27,14:36,Credit card,8.0
525,719-89-8991,A,Member,Female,Sports and travel,91.41,5.0,479.9025,2019-02-25,16:03,Ewallet,7.1
526,286-62-6248,B,Normal,Male,Fashion accessories,39.21,4.0,164.68200000000002,2019-01-16,20:03,Credit card,9.0
527,339-38-9982,B,Member,Male,Fashion accessories,59.86,2.0,125.706,2019-01-13,14:55,Ewallet,6.7
528,827-44-5872,B,Member,Female,Food and beverages,54.36,10.0,570.78,2019-02-07,11:28,Credit card,6.1
529,827-77-7633,A,Normal,Male,Sports and travel,98.09,9.0,926.9505,2019-02-17,19:41,Cash,9.3
530,287-83-1405,A,Normal,Male,Health and beauty,25.43,6.0,160.209,2019-02-12,19:01,Ewallet,7.0
531,435-13-4908,A,Member,Male,Fashion accessories,86.68,8.0,728.112,2019-01-24,18:04,Credit card,7.2
532,857-67-9057,B,Normal,Male,Electronic accessories,22.95,10.0,240.975,2019-02-06,19:20,Ewallet,8.2
533,236-27-1144,C,Normal,Female,Food and beverages,16.31,9.0,154.1295,2019-03-26,10:31,Ewallet,8.4
534,892-05-6689,A,Normal,Female,Home and lifestyle,28.32,5.0,148.68,2019-03-11,13:28,Ewallet,6.2
535,583-41-4548,C,Normal,Male,Home and lifestyle,16.67,7.0,122.5245,2019-02-07,11:36,Ewallet,7.4
536,339-12-4827,B,Member,Female,Fashion accessories,73.96,1.0,77.658,2019-01-05,11:32,Credit card,5.0
537,643-38-7867,A,Normal,Male,Home and lifestyle,97.94,1.0,102.837,2019-03-07,11:44,Ewallet,6.9
538,308-81-0538,A,Normal,Female,Fashion accessories,73.05,4.0,306.81,2019-02-25,17:16,Credit card,4.9
539,358-88-9262,C,Member,Female,Food and beverages,87.48,6.0,551.124,2019-02-01,18:43,Ewallet,5.1
540,460-35-4390,A,Normal,Male,Home and lifestyle,30.68,3.0,96.64200000000001,2019-01-22,11:00,Ewallet,9.1
541,343-87-0864,C,Member,Male,Health and beauty,75.88,1.0,79.67399999999999,2019-01-03,10:30,Credit card,7.1
542,173-50-1108,B,Member,Female,Sports and travel,20.18,4.0,84.756,2019-02-13,12:14,Credit card,5.0
543,243-47-2663,C,Member,Male,Electronic accessories,18.77,6.0,118.251,2019-01-28,16:43,Credit card,5.5
544,841-18-8232,B,Normal,Female,Food and beverages,71.2,1.0,74.76,2019-01-05,20:40,Credit card,9.2
545,701-23-5550,B,Member,Male,Home and lifestyle,38.81,4.0,163.002,2019-03-19,13:40,Ewallet,4.9
546,647-50-1224,A,Normal,Female,Fashion accessories,29.42,10.0,308.91,2019-01-12,16:23,Ewallet,8.9
547,541-48-8554,A,Normal,Male,Sports and travel,60.95,9.0,575.9775,2019-01-07,12:08,Credit card,6.0
548,539-21-7227,B,Normal,Female,Sports and travel,51.54,5.0,270.585,2019-01-26,17:45,Cash,4.2
549,213-32-1216,A,Normal,Female,Electronic accessories,66.06,6.0,416.17800000000005,2019-01-23,10:28,Cash,7.3
550,747-58-7183,B,Normal,Male,Fashion accessories,57.27,3.0,180.4005,2019-02-09,20:31,Ewallet,6.5
551,582-52-8065,B,Normal,Female,Fashion accessories,54.31,9.0,513.2295,2019-02-22,10:49,Cash,8.9
552,210-57-1719,B,Normal,Female,Health and beauty,58.24,9.0,550.368,2019-02-05,12:34,Cash,9.7
553,399-69-4630,C,Normal,Male,Electronic accessories,22.21,6.0,139.923,2019-03-07,10:23,Credit card,8.6
554,134-75-2619,A,Member,Male,Electronic accessories,19.32,7.0,142.002,2019-03-25,18:51,Cash,6.9
555,356-44-8813,B,Normal,Male,Home and lifestyle,37.48,3.0,118.06200000000001,2019-01-20,13:45,Credit card,7.7
556,198-66-9832,B,Member,Female,Fashion accessories,72.04,2.0,151.284,2019-02-04,19:38,Cash,9.5
557,283-26-5248,C,Member,Female,Food and beverages,98.52,10.0,1034.46,2019-01-30,20:23,Ewallet,4.5
558,712-39-0363,A,Member,Male,Food and beverages,41.66,6.0,262.45799999999997,2019-01-02,15:24,Ewallet,5.6
559,218-59-9410,A,Member,Female,Home and lifestyle,72.42,3.0,228.123,2019-03-29,16:54,Ewallet,8.2
560,174-75-0888,B,Normal,Male,Electronic accessories,21.58,9.0,203.93099999999998,2019-03-14,12:32,Cash,7.3
561,866-99-7614,C,Normal,Male,Food and beverages,89.2,10.0,936.6,2019-02-11,15:42,Credit card,4.4
562,134-54-4720,B,Normal,Female,Electronic accessories,42.42,8.0,356.32800000000003,2019-01-30,13:58,Ewallet,5.7
563,760-90-2357,A,Member,Male,Electronic accessories,74.51,6.0,469.413,2019-03-20,15:08,Ewallet,5.0
564,514-37-2845,B,Normal,Male,Fashion accessories,99.25,2.0,208.425,2019-03-20,13:02,Cash,9.0
565,698-98-5964,A,Normal,Female,Food and beverages,81.21000000000001,10.0,852.705,2019-01-17,13:01,Credit card,6.3
566,718-57-9773,C,Normal,Female,Sports and travel,49.33,10.0,517.965,2019-02-03,16:40,Credit card,9.4
567,651-88-7328,A,Normal,Female,Fashion accessories,65.74,9.0,621.243,2019-01-01,13:55,Cash,7.7
568,241-11-2261,B,Normal,Female,Fashion accessories,79.86,7.0,586.971,2019-01-10,10:33,Credit card,5.5
569,408-26-9866,C,Normal,Female,Sports and travel,73.98,7.0,543.753,2019-03-02,16:42,Ewallet,4.1
570,834-83-1826,B,Member,Female,Home and lifestyle,82.03999999999999,5.0,430.71,2019-02-25,17:16,Credit card,7.6
571,343-61-3544,B,Member,Male,Sports and travel,26.669999999999998,10.0,280.035,2019-01-29,11:48,Cash,8.6
572,239-48-4278,A,Member,Male,Food and beverages,10.129999999999999,7.0,74.4555,2019-03-10,19:35,Ewallet,8.3
573,355-34-6244,B,Normal,Male,Food and beverages,72.39,2.0,152.019,2019-01-13,19:55,Credit card,8.1
574,550-84-8664,A,Normal,Male,Sports and travel,85.91,5.0,451.0275,2019-03-22,14:33,Credit card,8.6
575,339-96-8318,B,Member,Male,Fashion accessories,81.30999999999999,7.0,597.6285,2019-03-01,19:49,Ewallet,6.3
576,458-61-0011,B,Normal,Male,Food and beverages,60.3,4.0,253.26,2019-02-20,18:43,Cash,5.8
577,592-34-6155,C,Normal,Male,Food and beverages,31.77,4.0,133.434,2019-01-14,14:43,Ewallet,6.2
578,797-88-0493,A,Normal,Female,Health and beauty,64.27,4.0,269.934,2019-03-26,13:54,Cash,7.7
579,207-73-1363,B,Normal,Male,Health and beauty,69.51,2.0,145.971,2019-03-01,12:15,Ewallet,8.1
580,390-31-6381,C,Normal,Male,Food and beverages,27.22,3.0,85.743,2019-01-07,12:37,Cash,7.3
581,443-82-0585,A,Member,Female,Health and beauty,77.68,4.0,326.256,2019-02-01,19:54,Cash,8.4
582,339-18-7061,C,Member,Female,Fashion accessories,92.98,2.0,195.25799999999998,2019-02-13,15:06,Credit card,8.0
583,359-90-3665,B,Member,Female,Fashion accessories,18.08,4.0,75.936,2019-01-14,18:03,Credit card,9.5
584,375-72-3056,B,Normal,Male,Sports and travel,63.06,3.0,198.639,2019-01-19,15:58,Ewallet,7.0
585,127-47-6963,A,Normal,Male,Health and beauty,51.71,4.0,217.18200000000002,2019-03-09,13:53,Credit card,9.8
586,278-86-2735,A,Normal,Female,Food and beverages,52.34,3.0,164.87099999999998,2019-03-27,14:03,Cash,9.2
587,695-28-6250,A,Normal,Female,Sports and travel,43.06,5.0,226.065,2019-02-04,16:38,Ewallet,7.7
588,379-17-6588,C,Normal,Male,Fashion accessories,59.61,10.0,625.905,2019-03-14,11:07,Cash,5.3
589,227-50-3718,A,Normal,Male,Health and beauty,14.62,5.0,76.755,2019-03-04,12:23,Cash,4.4
590,302-15-2162,C,Member,Male,Health and beauty,46.53,6.0,293.139,2019-03-03,10:54,Credit card,4.3
591,788-07-8452,C,Member,Female,Home and lifestyle,24.24,7.0,178.16400000000002,2019-01-27,17:38,Ewallet,9.4
592,560-49-6611,A,Member,Female,Sports and travel,45.58,1.0,47.858999999999995,2019-02-07,14:13,Cash,9.8
593,880-35-0356,A,Member,Female,Sports and travel,75.2,3.0,236.88,2019-02-05,11:51,Ewallet,4.8
594,585-11-6748,B,Member,Male,Sports and travel,96.8,3.0,304.92,2019-03-15,13:05,Cash,5.3
595,470-31-3286,B,Normal,Male,Health and beauty,14.82,3.0,46.683,2019-03-01,11:30,Credit card,8.7
596,152-68-2907,A,Normal,Male,Food and beverages,52.2,3.0,164.43,2019-02-15,13:30,Credit card,9.5
597,123-35-4896,C,Normal,Female,Sports and travel,46.66,9.0,440.93699999999995,2019-02-17,19:11,Ewallet,5.3
598,258-69-7810,C,Normal,Female,Fashion accessories,36.85,5.0,193.4625,2019-01-26,18:53,Cash,9.2
599,334-64-2006,A,Member,Female,Home and lifestyle,70.32,2.0,147.672,2019-03-24,14:22,Ewallet,9.6
600,219-61-4139,C,Normal,Male,Electronic accessories,83.08,1.0,87.234,2019-01-23,17:16,Ewallet,6.4
601,881-41-7302,C,Normal,Female,Fashion accessories,64.99,1.0,68.2395,2019-01-26,10:06,Credit card,4.5
602,373-09-4567,C,Normal,Male,Food and beverages,77.56,10.0,814.38,2019-03-14,20:35,Ewallet,6.9
603,642-30-6693,B,Normal,Female,Sports and travel,54.51,6.0,343.413,2019-03-17,13:54,Ewallet,7.8
604,484-22-8230,C,Member,Female,Fashion accessories,51.89,7.0,381.3915,2019-01-08,20:08,Cash,4.5
605,830-58-2383,B,Normal,Male,Home and lifestyle,31.75,4.0,133.35,2019-02-08,15:26,Cash,8.6
606,559-98-9873,A,Member,Female,Fashion accessories,53.65,7.0,394.3275,2019-02-10,12:56,Ewallet,5.2
607,544-32-5024,C,Member,Female,Food and beverages,49.79,4.0,209.118,2019-03-28,19:16,Credit card,6.4
608,318-12-0304,A,Normal,Male,Fashion accessories,30.61,1.0,32.1405,2019-01-23,12:20,Ewallet,5.2
609,349-97-8902,B,Member,Male,Food and beverages,57.89,2.0,121.569,2019-01-17,10:37,Ewallet,8.9
610,421-95-9805,A,Normal,Female,Electronic accessories,28.96,1.0,30.408,2019-02-07,10:18,Credit card,6.2
611,277-35-5865,C,Member,Female,Food and beverages,98.97,9.0,935.2665,2019-03-09,11:23,Cash,6.7
612,789-23-8625,B,Member,Male,Fashion accessories,93.22,3.0000000000000004,293.643,2019-01-24,11:45,Cash,7.2
613,284-54-4231,C,Member,Male,Sports and travel,80.93,1.0,84.9765,2019-01-19,16:08,Credit card,9.0
614,443-59-0061,A,Member,Male,Food and beverages,67.45,10.0,708.225,2019-02-03,11:25,Ewallet,4.2
615,509-29-3912,A,Member,Female,Sports and travel,38.72,9.0,365.904,2019-03-20,12:24,Ewallet,4.2
616,327-40-9673,B,Member,Male,Sports and travel,72.6,6.000000000000001,457.38,2019-01-13,19:51,Cash,6.9
617,840-19-2096,C,Member,Male,Electronic accessories,87.91,5.0,461.5275,2019-03-14,18:10,Ewallet,4.4
618,828-46-6863,A,Member,Male,Food and beverages,98.53,5.999999999999999,620.739,2019-01-23,11:22,Credit card,4.0
619,641-96-3695,C,Member,Female,Fashion accessories,43.46,6.0,273.798,2019-02-07,17:55,Ewallet,8.5
620,420-97-3340,A,Normal,Female,Food and beverages,71.68,2.9999999999999996,225.792,2019-03-28,15:30,Credit card,9.2
621,436-54-4512,A,Member,Female,Food and beverages,91.61,1.0,96.1905,2019-03-20,19:44,Cash,9.8
622,670-79-6321,B,Member,Female,Home and lifestyle,94.59,7.0,695.2365,2019-01-17,15:27,Credit card,4.9
623,852-62-7105,B,Normal,Female,Fashion accessories,83.25,10.0,874.125,2019-01-12,11:25,Credit card,4.4
624,598-06-7312,B,Member,Male,Fashion accessories,91.35,1.0,95.9175,2019-02-16,15:42,Cash,6.8
625,135-13-8269,B,Member,Female,Food and beverages,78.88,2.0,165.648,2019-01-26,16:04,Cash,9.1
626,816-57-2053,A,Normal,Male,Sports and travel,60.87,2.0,127.82700000000001,2019-03-09,12:37,Ewallet,8.7
627,628-90-8624,B,Member,Male,Health and beauty,82.58,10.0,867.09,2019-03-14,14:41,Cash,5.0
628,856-66-2701,A,Member,Male,Home and lifestyle,53.3,3.0000000000000004,167.895,2019-01-25,14:19,Ewallet,7.5
629,308-39-1707,A,Normal,Female,Fashion accessories,12.09,1.0,12.6945,2019-01-26,18:19,Credit card,8.2
630,149-61-1929,A,Normal,Male,Sports and travel,64.19,10.0,673.995,2019-01-19,14:08,Credit card,6.7
631,655-07-2265,A,Normal,Male,Electronic accessories,78.31,3.0,246.6765,2019-03-05,16:38,Ewallet,5.4
632,589-02-8023,A,Member,Male,Food and beverages,83.77,2.0,175.917,2019-01-15,10:54,Credit card,7.0
633,420-04-7590,B,Normal,Male,Home and lifestyle,99.7,3.0,314.055,2019-03-18,11:29,Ewallet,4.7
634,182-88-2763,B,Member,Male,Food and beverages,79.91,3.0,251.7165,2019-03-20,19:28,Credit card,5.0
635,188-55-0967,B,Member,Male,Health and beauty,66.47,10.0,697.935,2019-01-15,15:01,Credit card,5.0
636,610-46-4100,A,Normal,Male,Health and beauty,28.95,7.0,212.7825,2019-03-03,20:31,Credit card,6.0
637,318-81-2368,C,Normal,Female,Electronic accessories,46.2,1.0,48.51,2019-03-19,12:16,Cash,6.3
638,364-33-8584,B,Member,Female,Food and beverages,17.63,5.0,92.5575,2019-03-08,15:27,Cash,8.5
639,665-63-9737,B,Normal,Male,Fashion accessories,52.42,3.0,165.123,2019-02-27,17:36,Ewallet,7.5
640,695-09-5146,B,Member,Female,Food and beverages,98.79,3.0,311.1885,2019-02-23,20:00,Ewallet,6.4
641,155-45-3814,C,Member,Female,Electronic accessories,88.55,8.0,743.82,2019-03-19,15:29,Ewallet,4.7
642,794-32-2436,B,Member,Male,Electronic accessories,55.67,2.0,116.90700000000001,2019-03-27,15:08,Ewallet,6.0
643,131-15-8856,C,Member,Female,Food and beverages,72.52,8.0,609.168,2019-03-30,19:26,Credit card,4.0
644,273-84-2164,C,Member,Male,Electronic accessories,12.05,5.0,63.2625,2019-02-16,15:53,Ewallet,5.5
645,706-36-6154,A,Member,Male,Home and lifestyle,19.36,9.0,182.952,2019-01-18,18:43,Ewallet,8.7
646,778-89-7974,C,Normal,Male,Health and beauty,70.21,6.0,442.32300000000004,2019-03-30,14:58,Cash,7.4
647,574-31-8277,B,Member,Male,Fashion accessories,33.63,1.0,35.3115,2019-03-20,19:55,Cash,5.6
648,859-71-0933,C,Member,Female,Sports and travel,15.49,2.0,32.529,2019-01-16,15:10,Cash,6.3
649,740-11-5257,C,Normal,Male,Electronic accessories,24.74,10.0,259.77,2019-02-24,16:44,Cash,7.1
650,369-82-2676,B,Normal,Male,Electronic accessories,75.66,5.0,397.215,2019-01-15,18:22,Ewallet,7.8
651,563-47-4072,B,Normal,Female,Health and beauty,55.81,6.0,351.603,2019-01-22,11:52,Cash,9.9
652,742-04-5161,A,Member,Male,Home and lifestyle,72.78,10.0,764.19,2019-02-03,17:24,Cash,7.3
653,149-15-7606,B,Member,Male,Sports and travel,37.32,9.0,352.67400000000004,2019-03-06,15:31,Ewallet,5.1
654,133-77-3154,B,Member,Male,Fashion accessories,60.18,4.0,252.75599999999997,2019-02-16,18:04,Credit card,9.4
655,169-52-4504,A,Normal,Female,Electronic accessories,15.69,3.0,49.4235,2019-03-14,14:13,Credit card,5.8
656,250-81-7186,C,Normal,Female,Electronic accessories,99.69,1.0,104.6745,2019-02-27,10:23,Credit card,8.0
657,562-12-5430,A,Member,Female,Fashion accessories,88.15,3.0,277.6725,2019-01-18,10:11,Ewallet,7.9
658,816-72-8853,A,Member,Female,Sports and travel,27.93,5.0,146.6325,2019-01-29,15:48,Cash,5.9
659,491-38-3499,A,Member,Male,Fashion accessories,55.45,1.0,58.2225,2019-02-26,17:46,Credit card,4.9
660,322-02-2271,B,Normal,Female,Sports and travel,42.97,3.0,135.3555,2019-02-03,11:46,Cash,9.3
661,842-29-4695,C,Member,Male,Sports and travel,17.14,7.0,125.979,2019-01-16,12:07,Credit card,7.9
662,725-67-2480,B,Member,Female,Fashion accessories,58.75,6.0,370.125,2019-03-24,18:14,Credit card,5.9
663,641-51-2661,C,Member,Female,Food and beverages,87.1,10.0,914.55,2019-02-12,14:45,Credit card,9.9
664,714-02-3114,C,Normal,Female,Sports and travel,98.8,2.0,207.48,2019-02-21,11:39,Cash,7.7
665,518-17-2983,A,Normal,Female,Fashion accessories,48.63,4.0,204.24599999999998,2019-02-04,15:44,Ewallet,7.6
666,779-42-2410,B,Member,Male,Food and beverages,57.74,3.0,181.88099999999997,2019-02-20,13:06,Ewallet,7.7
667,190-14-3147,B,Normal,Female,Health and beauty,17.97,4.0,75.47399999999999,2019-02-23,20:43,Ewallet,6.4
668,408-66-6712,C,Member,Female,Health and beauty,47.71,6.0,300.573,2019-02-16,14:19,Ewallet,4.4
669,679-22-6530,B,Normal,Female,Sports and travel,40.62,2.0,85.302,2019-01-17,10:01,Credit card,4.1
670,588-47-8641,A,Member,Male,Fashion accessories,56.04,10.0,588.42,2019-01-14,19:30,Ewallet,4.4
671,642-61-4706,B,Member,Male,Food and beverages,93.4,2.0,196.14,2019-03-30,16:34,Cash,5.5
672,576-31-4774,B,Normal,Female,Health and beauty,73.41,3.0,231.2415,2019-03-02,13:10,Ewallet,4.0
673,556-41-6224,C,Normal,Male,Health and beauty,33.64,8.0,282.57599999999996,2019-02-15,17:10,Credit card,9.3
674,811-03-8790,A,Normal,Female,Electronic accessories,45.48,10.0,477.54,2019-03-01,10:22,Credit card,4.8
675,242-11-3142,B,Member,Male,Fashion accessories,83.77,2.0,175.917,2019-02-24,19:57,Cash,4.6
676,752-23-3760,B,Member,Female,Sports and travel,64.08,7.0,470.98800000000006,2019-02-19,19:29,Credit card,7.3
677,274-05-5470,A,Member,Female,Food and beverages,73.47,4.0,308.574,2019-02-23,18:30,Cash,6.0
678,648-94-3045,C,Normal,Male,Health and beauty,58.95,10.0,618.975,2019-02-07,14:27,Ewallet,8.1
679,130-67-4723,A,Member,Male,Food and beverages,48.5,6.0,305.55,2019-01-11,13:57,Ewallet,9.4
680,528-87-5606,B,Member,Female,Electronic accessories,39.48,1.0,41.45399999999999,2019-02-12,19:43,Cash,6.5
681,320-85-2052,B,Normal,Female,Sports and travel,34.81,1.0,36.5505,2019-01-14,10:11,Credit card,7.0
682,370-96-0655,C,Normal,Female,Fashion accessories,49.32,6.0,310.716,2019-01-09,13:46,Ewallet,7.1
683,105-10-6182,A,Member,Male,Fashion accessories,21.48,2.0,45.108000000000004,2019-02-27,12:22,Ewallet,6.6
684,510-79-0415,B,Member,Female,Sports and travel,23.08,6.0,145.404,2019-01-24,19:20,Ewallet,4.9
685,241-96-5076,B,Member,Female,Home and lifestyle,49.1,2.0,103.11,2019-01-08,12:58,Credit card,6.4
686,767-97-4650,B,Member,Female,Sports and travel,64.83,2.0,136.143,2019-01-08,11:59,Credit card,8.0
687,648-83-1321,A,Member,Male,Home and lifestyle,63.56,10.0,667.38,2019-01-16,17:59,Cash,4.3
688,173-57-2300,C,Member,Male,Sports and travel,72.88,2.0,153.048,2019-03-13,12:51,Cash,6.1
689,305-03-2383,A,Normal,Female,Food and beverages,67.1,3.0,211.365,2019-02-15,10:36,Cash,7.5
690,394-55-6384,C,Member,Female,Sports and travel,70.19,9.0,663.2955,2019-01-25,13:38,Cash,6.7
691,266-20-6657,C,Member,Male,Food and beverages,55.04,7.0,404.54400000000004,2019-03-12,19:39,Ewallet,5.2
692,689-05-1884,A,Member,Male,Health and beauty,48.63,10.0,510.615,2019-03-04,12:44,Cash,8.8
693,196-01-2849,C,Member,Female,Fashion accessories,73.38,7.0,539.3430000000001,2019-02-10,13:56,Cash,9.5
694,372-62-5264,C,Normal,Female,Food and beverages,52.6,9.0,497.07,2019-01-16,14:42,Cash,7.6
695,800-09-8606,A,Member,Female,Home and lifestyle,87.37,5.0,458.6925,2019-01-29,19:45,Cash,6.6
696,182-52-7000,A,Member,Female,Sports and travel,27.04,4.0,113.568,2019-01-01,20:26,Ewallet,6.9
697,826-58-8051,B,Normal,Male,Home and lifestyle,62.19,4.0,261.198,2019-01-06,19:46,Ewallet,4.3
698,868-06-0466,A,Member,Male,Electronic accessories,69.58,9.0,657.5310000000001,2019-02-19,19:38,Credit card,7.8
699,751-41-9720,C,Normal,Male,Home and lifestyle,97.5,10.0,1023.75,2019-01-12,16:18,Ewallet,8.0
700,626-43-7888,C,Normal,Female,Fashion accessories,60.41,8.0,507.444,2019-02-07,12:23,Ewallet,9.6
701,176-64-7711,B,Normal,Male,Food and beverages,32.32,3.0,101.80799999999999,2019-03-27,19:11,Credit card,4.3
702,191-29-0321,B,Member,Female,Fashion accessories,19.77,10.0,207.585,2019-02-27,18:57,Credit card,5.0
703,729-06-2010,B,Member,Male,Health and beauty,80.47,9.0,760.4415,2019-01-06,11:18,Cash,9.2
704,640-48-5028,B,Member,Female,Home and lifestyle,88.39,9.0,835.2855,2019-03-02,12:40,Cash,6.3
705,186-79-9562,B,Normal,Male,Health and beauty,71.77,7.0,527.5095,2019-03-29,14:06,Cash,8.9
706,834-45-5519,B,Normal,Female,Electronic accessories,43.0,4.0,180.6,2019-01-31,20:48,Ewallet,7.6
707,162-65-8559,C,Member,Male,Food and beverages,68.98,1.0,72.429,2019-01-21,20:13,Cash,4.8
708,760-27-5490,C,Normal,Male,Fashion accessories,15.62,8.0,131.208,2019-01-20,20:37,Ewallet,9.1
709,445-30-9252,A,Normal,Male,Sports and travel,25.7,3.0,80.955,2019-01-17,17:59,Ewallet,6.1
710,786-94-2700,A,Member,Male,Food and beverages,80.62,6.0,507.906,2019-02-28,20:18,Cash,9.1
711,728-88-7867,C,Member,Female,Home and lifestyle,75.53,4.0,317.226,2019-03-19,15:52,Ewallet,8.3
712,183-21-3799,C,Normal,Female,Electronic accessories,77.63,9.0,733.6035,2019-02-19,15:14,Ewallet,7.2
713,268-20-3585,C,Normal,Female,Health and beauty,13.85,9.0,130.8825,2019-02-04,12:50,Ewallet,6.0
714,735-32-9839,C,Member,Male,Fashion accessories,98.7,8.0,829.08,2019-01-31,10:36,Ewallet,8.5
715,258-92-7466,A,Normal,Female,Health and beauty,35.68,5.0,187.32,2019-02-06,18:33,Credit card,6.6
716,857-16-3520,A,Member,Female,Fashion accessories,71.46,7.0,525.231,2019-03-28,16:06,Ewallet,4.5
717,482-17-1179,A,Member,Male,Electronic accessories,11.94,3.0,37.611,2019-01-19,12:47,Credit card,8.1
718,788-21-5741,A,Normal,Male,Fashion accessories,45.38,3.0,142.947,2019-02-17,13:34,Credit card,7.2
719,821-14-9046,B,Member,Female,Fashion accessories,17.48,6.0,110.124,2019-01-18,15:04,Credit card,6.1
720,418-05-0656,B,Normal,Female,Fashion accessories,25.56,7.0,187.86599999999999,2019-02-02,20:42,Cash,7.1
721,678-79-0726,C,Member,Female,Sports and travel,90.63,9.0,856.4535,2019-01-18,15:28,Cash,5.1
722,776-68-1096,B,Normal,Male,Home and lifestyle,44.12,3.0,138.97799999999998,2019-03-18,13:45,Credit card,7.9
723,592-46-1692,C,Member,Female,Food and beverages,36.77,7.0,270.2595,2019-01-11,20:10,Cash,7.4
724,434-35-9162,B,Member,Male,Food and beverages,23.34,4.0,98.02799999999999,2019-02-04,18:53,Ewallet,7.4
725,149-14-0304,C,Member,Female,Health and beauty,28.5,8.0,239.4,2019-02-06,14:24,Cash,6.6
726,442-44-6497,C,Member,Male,Home and lifestyle,55.57,3.0,175.0455,2019-01-08,11:42,Credit card,5.9
727,174-64-0215,B,Normal,Male,Sports and travel,69.74,10.0,732.27,2019-03-05,17:49,Credit card,8.9
728,210-74-9613,C,Normal,Male,Fashion accessories,97.26,4.0,408.49199999999996,2019-03-16,15:33,Ewallet,6.8
729,299-29-0180,B,Member,Female,Home and lifestyle,52.18,7.0,383.523,2019-03-09,10:54,Cash,9.3
730,247-11-2470,A,Member,Female,Fashion accessories,22.32,4.0,93.744,2019-03-01,16:23,Credit card,4.4
731,635-28-5728,A,Normal,Male,Health and beauty,56.0,3.0,176.4,2019-02-28,19:33,Ewallet,4.8
732,756-49-0168,A,Member,Male,Fashion accessories,19.7,1.0,20.685,2019-02-08,11:39,Ewallet,9.5
733,438-23-1242,B,Normal,Male,Electronic accessories,75.88,7.0,557.7180000000001,2019-01-24,10:38,Ewallet,8.9
734,238-45-6950,B,Member,Male,Food and beverages,53.72,1.0,56.406000000000006,2019-03-01,20:03,Ewallet,6.4
735,607-65-2441,C,Member,Male,Health and beauty,81.95,10.0,860.475,2019-03-10,12:39,Credit card,6.0
736,386-27-7606,C,Member,Female,Home and lifestyle,81.2,7.0,596.82,2019-03-23,15:59,Credit card,8.1
737,137-63-5492,C,Normal,Male,Electronic accessories,58.76,10.0,616.98,2019-01-29,14:26,Ewallet,9.0
738,197-77-7132,B,Member,Male,Electronic accessories,91.56,8.0,769.1039999999999,2019-01-12,18:22,Ewallet,6.0
739,805-86-0265,A,Normal,Male,Home and lifestyle,93.96,9.0,887.922,2019-03-20,11:32,Cash,9.8
740,733-29-1227,C,Normal,Male,Home and lifestyle,55.61,7.0,408.7335,2019-03-23,12:41,Cash,8.5
741,451-73-2711,C,Normal,Male,Food and beverages,84.83,1.0,89.0715,2019-01-14,15:20,Ewallet,8.8
742,373-14-0504,A,Member,Female,Sports and travel,71.63,2.0,150.423,2019-02-12,14:33,Ewallet,8.8
743,546-80-2899,A,Member,Male,Home and lifestyle,37.69,2.0,79.149,2019-02-20,15:29,Ewallet,9.5
744,345-68-9016,C,Member,Female,Sports and travel,31.67,8.0,266.028,2019-01-02,16:19,Credit card,5.6
745,390-17-5806,C,Member,Female,Food and beverages,38.42,1.0,40.341,2019-02-02,16:33,Cash,8.6
746,457-13-1708,B,Member,Male,Fashion accessories,65.23,10.0,684.915,2019-01-08,19:07,Credit card,5.2
747,664-14-2882,C,Member,Female,Home and lifestyle,10.53,5.0,55.2825,2019-01-30,14:43,Credit card,5.8
748,487-79-6868,B,Member,Female,Home and lifestyle,12.29,9.0,116.1405,2019-03-26,19:28,Credit card,8.0
749,314-23-4520,C,Member,Male,Health and beauty,81.23,7.0,597.0405,2019-01-15,20:44,Cash,9.0
750,210-30-7976,B,Member,Female,Fashion accessories,22.32,4.0,93.744,2019-03-14,11:16,Ewallet,4.1
751,585-86-8361,A,Normal,Female,Food and beverages,27.28,5.0,143.22,2019-02-03,10:31,Credit card,8.6
752,807-14-7833,A,Member,Female,Electronic accessories,17.42,10.0,182.91,2019-02-22,12:30,Ewallet,7.0
753,775-72-1988,B,Normal,Male,Home and lifestyle,73.28,5.0,384.72,2019-01-24,15:05,Ewallet,8.4
754,288-38-3758,C,Member,Female,Fashion accessories,84.87,3.0,267.3405,2019-01-25,18:30,Ewallet,7.4
755,652-43-6591,A,Normal,Female,Fashion accessories,97.29,8.0,817.2360000000001,2019-03-09,13:18,Credit card,6.2
756,785-96-0615,B,Member,Female,Electronic accessories,35.74,8.0,300.216,2019-02-17,15:28,Ewallet,4.9
757,406-46-7107,A,Normal,Female,Home and lifestyle,96.52,6.0,608.076,2019-01-11,11:52,Cash,4.5
758,250-17-5703,A,Member,Male,Food and beverages,18.85,10.0,197.925,2019-02-27,18:24,Ewallet,5.6
759,156-95-3964,A,Normal,Female,Food and beverages,55.39,4.0,232.638,2019-03-25,15:19,Ewallet,8.0
760,842-40-8179,B,Member,Female,Food and beverages,77.2,10.0,810.6,2019-02-11,10:38,Credit card,5.6
761,525-09-8450,B,Normal,Male,Electronic accessories,72.13,10.0,757.365,2019-01-31,15:12,Credit card,4.2
762,410-67-1709,A,Member,Female,Fashion accessories,63.88,8.0,536.592,2019-01-20,17:48,Ewallet,9.9
763,587-73-4862,A,Member,Female,Health and beauty,10.69,5.0,56.1225,2019-03-26,11:07,Ewallet,7.6
764,787-87-2010,A,Member,Male,Health and beauty,55.5,4.0,233.1,2019-01-20,15:48,Credit card,6.6
765,593-14-4239,B,Normal,Female,Home and lifestyle,95.46,8.0,801.8639999999999,2019-03-05,19:40,Ewallet,4.7
766,801-88-0346,C,Normal,Female,Fashion accessories,76.06,3.0,239.58900000000003,2019-01-05,20:30,Credit card,9.8
767,388-76-2555,B,Normal,Male,Sports and travel,13.69,6.0,86.24700000000001,2019-02-13,13:59,Cash,6.3
768,711-31-1234,B,Normal,Female,Electronic accessories,95.64,4.0,401.68800000000005,2019-03-16,18:51,Cash,7.9
769,886-54-6089,A,Normal,Female,Home and lifestyle,11.43,6.0,72.009,2019-01-15,17:24,Cash,7.7
770,707-32-7409,B,Member,Female,Sports and travel,95.54,4.0,401.26800000000003,2019-02-26,11:58,Ewallet,4.5
771,759-98-4285,C,Member,Female,Health and beauty,85.87,7.0,631.1445,2019-02-27,19:01,Credit card,8.0
772,201-63-8275,C,Member,Female,Sports and travel,67.99,7.0,499.7265,2019-02-17,16:50,Ewallet,5.7
773,471-06-8611,C,Normal,Female,Food and beverages,52.42,1.0,55.041000000000004,2019-02-06,10:22,Credit card,6.3
774,200-16-5952,C,Member,Male,Food and beverages,65.65,2.0,137.865,2019-01-17,16:46,Cash,6.0
775,120-54-2248,B,Normal,Female,Food and beverages,28.86,5.0,151.515,2019-01-22,18:08,Credit card,8.0
776,102-77-2261,C,Member,Male,Health and beauty,65.31,7.0,480.0285,2019-03-05,18:02,Credit card,4.2
777,875-31-8302,B,Normal,Male,Sports and travel,93.38,1.0,98.04899999999999,2019-01-03,13:07,Cash,9.6
778,102-06-2002,C,Member,Male,Sports and travel,25.25,5.0,132.5625,2019-03-20,17:52,Cash,6.1
779,457-94-0464,B,Member,Male,Electronic accessories,87.87,9.0,830.3715,2019-01-31,20:32,Ewallet,5.6
780,629-42-4133,C,Normal,Male,Health and beauty,21.8,8.0,183.12,2019-02-19,19:24,Cash,8.3
781,534-53-3526,A,Normal,Female,Sports and travel,94.76,4.0,397.99199999999996,2019-02-11,16:06,Ewallet,7.8
782,307-04-2070,A,Member,Female,Fashion accessories,30.62,1.0,32.150999999999996,2019-02-05,14:14,Credit card,4.1
783,468-99-7231,C,Normal,Female,Home and lifestyle,44.01,8.0,369.684,2019-03-03,17:36,Cash,8.8
784,516-77-6464,C,Member,Female,Health and beauty,10.16,5.0,53.34,2019-02-24,13:08,Ewallet,4.1
785,404-91-5964,A,Normal,Male,Electronic accessories,74.58,7.0,548.163,2019-02-04,16:09,Credit card,9.0
786,886-77-9084,C,Normal,Male,Electronic accessories,71.89,8.0,603.876,2019-02-19,11:33,Ewallet,5.5
787,790-38-4466,C,Normal,Female,Health and beauty,10.99,5.0,57.6975,2019-01-23,10:18,Credit card,9.3
788,704-10-4056,C,Member,Male,Health and beauty,60.47,3.0,190.4805,2019-01-14,10:55,Credit card,5.6
789,497-37-6538,A,Normal,Male,Sports and travel,58.91,7.0,432.9885,2019-01-17,15:15,Ewallet,9.7
790,651-96-5970,A,Normal,Male,Fashion accessories,46.41,1.0,48.7305,2019-03-03,20:06,Credit card,4.0
791,400-80-4065,C,Member,Male,Health and beauty,68.55,4.0,287.91,2019-02-15,20:21,Credit card,9.2
792,744-16-7898,B,Normal,Female,Home and lifestyle,97.37,10.0,1022.385,2019-01-15,13:48,Credit card,4.9
793,263-12-5321,A,Member,Male,Electronic accessories,92.6,7.0,680.61,2019-02-27,12:52,Credit card,9.3
794,702-72-0487,A,Normal,Female,Electronic accessories,46.61,2.0,97.881,2019-02-26,12:28,Credit card,6.6
795,605-83-1050,B,Normal,Male,Fashion accessories,27.18,2.0,57.078,2019-03-15,16:26,Ewallet,4.3
796,443-60-9639,C,Member,Female,Home and lifestyle,60.87,1.0,63.9135,2019-01-24,13:24,Cash,5.5
797,864-24-7918,A,Member,Female,Sports and travel,24.49,10.0,257.145,2019-02-22,15:15,Cash,8.1
798,359-94-5395,B,Normal,Male,Health and beauty,92.78,1.0,97.419,2019-03-15,10:50,Credit card,9.8
799,401-09-4232,C,Member,Male,Home and lifestyle,86.69,5.0,455.1225,2019-02-11,18:38,Ewallet,9.4
800,751-15-6198,B,Normal,Male,Sports and travel,23.01,6.0,144.963,2019-01-12,16:45,Ewallet,7.9
801,324-41-6833,C,Member,Female,Electronic accessories,30.2,8.0,253.68,2019-03-03,19:30,Ewallet,5.1
802,474-33-8305,C,Member,Male,Fashion accessories,67.39,7.0,495.3165,2019-03-23,13:23,Ewallet,6.9
803,759-29-9521,A,Member,Female,Fashion accessories,48.96,9.0,462.67199999999997,2019-03-04,11:27,Cash,8.0
804,831-81-6575,B,Member,Female,Electronic accessories,75.59,9.0,714.3255,2019-02-23,11:12,Cash,8.0
805,220-68-6701,A,Normal,Female,Home and lifestyle,77.47,4.0,325.374,2019-03-17,16:36,Cash,4.2
806,618-34-8551,A,Normal,Female,Sports and travel,93.18,2.0,195.678,2019-01-16,18:41,Credit card,8.5
807,257-60-7754,A,Normal,Female,Electronic accessories,50.23,4.0,210.96599999999998,2019-01-08,17:12,Cash,9.0
808,559-61-5987,B,Normal,Female,Health and beauty,17.75,1.0,18.6375,2019-01-14,10:38,Cash,8.6
809,189-55-2313,C,Normal,Female,Fashion accessories,62.18,10.0,652.89,2019-01-31,10:33,Ewallet,6.0
810,565-91-4567,B,Normal,Male,Health and beauty,10.75,8.0,90.3,2019-03-15,14:38,Ewallet,6.2
811,380-60-5336,A,Normal,Female,Electronic accessories,40.26,10.0,422.73,2019-02-24,18:06,Credit card,5.0
812,815-04-6282,C,Member,Female,Sports and travel,64.97,5.0,341.0925,2019-02-08,12:52,Credit card,6.5
813,674-56-6360,A,Normal,Male,Electronic accessories,95.15,1.0,99.9075,2019-03-22,14:00,Cash,6.0
814,778-34-2523,A,Member,Female,Electronic accessories,48.62,8.0,408.408,2019-01-24,10:57,Cash,5.0
815,499-27-7781,B,Normal,Female,Food and beverages,53.21,8.0,446.964,2019-03-14,16:45,Ewallet,5.0
816,477-59-2456,C,Normal,Female,Fashion accessories,45.44,7.0,333.98400000000004,2019-01-23,11:15,Cash,9.2
817,832-51-6761,A,Normal,Male,Food and beverages,33.88,8.0,284.592,2019-01-19,20:29,Ewallet,9.6
818,869-11-3082,B,Member,Male,Health and beauty,96.16,4.0,403.87199999999996,2019-01-27,20:03,Credit card,8.4
819,190-59-3964,B,Member,Male,Food and beverages,47.16,5.0,247.59,2019-02-03,14:35,Credit card,6.0
820,366-43-6862,B,Normal,Male,Electronic accessories,52.89,4.0,222.138,2019-03-25,16:32,Ewallet,6.7
821,186-43-8965,A,Member,Female,Home and lifestyle,47.68,2.0,100.12799999999999,2019-02-24,10:10,Credit card,4.1
822,784-21-9238,C,Member,Male,Sports and travel,10.17,1.0,10.6785,2019-02-07,14:15,Cash,5.9
823,276-75-6884,A,Normal,Female,Health and beauty,68.71,3.0,216.4365,2019-03-04,10:05,Cash,8.7
824,109-86-4363,B,Member,Female,Sports and travel,60.08,7.0,441.588,2019-02-14,11:36,Credit card,4.5
825,569-76-2760,A,Member,Female,Sports and travel,22.01,4.0,92.44200000000001,2019-01-29,18:15,Credit card,6.6
826,222-42-0244,B,Member,Female,Health and beauty,72.11,9.0,681.4395,2019-01-28,13:53,Credit card,7.7
827,760-53-9233,A,Member,Male,Fashion accessories,41.28,3.0,130.032,2019-03-26,18:37,Credit card,8.5
828,538-22-0304,C,Normal,Male,Electronic accessories,64.95,10.0,681.975,2019-03-24,18:27,Cash,5.2
829,416-17-9926,A,Member,Female,Electronic accessories,74.22,10.0,779.31,2019-01-01,14:42,Credit card,4.3
830,237-44-6163,A,Normal,Male,Electronic accessories,10.56,8.0,88.704,2019-01-24,17:43,Cash,7.6
831,636-17-0325,B,Normal,Male,Health and beauty,62.57,4.0,262.79400000000004,2019-02-25,18:37,Cash,9.5
832,343-75-9322,B,Member,Female,Sports and travel,11.85,8.0,99.54,2019-01-09,16:34,Cash,4.1
833,528-14-9470,A,Member,Male,Health and beauty,91.3,1.0,95.865,2019-02-14,14:42,Ewallet,9.2
834,427-45-9297,B,Member,Female,Home and lifestyle,40.73,7.0,299.3655,2019-03-12,11:01,Ewallet,5.4
835,807-34-3742,A,Normal,Male,Fashion accessories,52.38,1.0,54.998999999999995,2019-03-26,19:44,Cash,5.8
836,288-62-1085,A,Member,Male,Fashion accessories,38.54,5.0,202.335,2019-01-09,13:34,Ewallet,5.6
837,670-71-7306,B,Normal,Male,Sports and travel,44.63,6.0,281.16900000000004,2019-01-02,20:08,Credit card,5.1
838,660-29-7083,C,Normal,Male,Electronic accessories,55.87,10.0,586.635,2019-01-15,15:01,Cash,5.8
839,271-77-8740,C,Member,Female,Sports and travel,29.22,6.0,184.08599999999998,2019-01-01,11:40,Ewallet,5.0
840,497-36-0989,A,Normal,Male,Fashion accessories,51.94,3.0,163.611,2019-02-15,15:21,Cash,7.9
841,291-59-1384,B,Normal,Male,Electronic accessories,60.3,1.0,63.315,2019-02-28,17:38,Cash,6.0
842,860-73-6466,A,Member,Female,Sports and travel,39.47,2.0,82.887,2019-03-02,16:16,Credit card,5.0
843,549-23-9016,C,Member,Female,Food and beverages,14.87,2.0,31.226999999999997,2019-02-13,18:15,Credit card,8.9
844,896-34-0956,A,Normal,Male,Fashion accessories,21.32,1.0,22.386,2019-01-26,12:43,Cash,5.9
845,804-38-3935,A,Member,Male,Electronic accessories,93.78,3.0,295.407,2019-01-30,11:32,Credit card,5.9
846,585-90-0249,A,Member,Male,Electronic accessories,73.26,1.0,76.923,2019-01-27,18:08,Ewallet,9.7
847,862-29-5914,C,Normal,Female,Sports and travel,22.38,1.0,23.499000000000002,2019-01-30,17:08,Credit card,8.6
848,845-94-6841,C,Member,Female,Food and beverages,72.88,9.0,688.716,2019-01-08,19:38,Cash,4.0
849,125-45-2293,A,Normal,Female,Fashion accessories,99.1,6.0,624.33,2019-01-19,13:11,Cash,4.2
850,843-73-4724,A,Normal,Male,Fashion accessories,74.1,1.0,77.805,2019-01-25,11:05,Cash,9.2
851,409-33-9708,A,Normal,Female,Fashion accessories,98.48,2.0,206.808,2019-02-19,10:12,Ewallet,9.2
852,658-66-3967,C,Normal,Male,Health and beauty,53.19,7.0,390.9465,2019-01-14,15:42,Ewallet,5.0
853,866-70-2814,B,Normal,Female,Electronic accessories,52.79,10.0,554.295,2019-02-25,11:58,Ewallet,10.0
854,160-22-2687,A,Member,Female,Health and beauty,95.95,5.0,503.7375,2019-01-23,14:21,Ewallet,8.8
855,895-03-6665,B,Normal,Female,Fashion accessories,36.51,9.0,345.0195,2019-02-16,10:52,Cash,4.2
856,770-42-8960,B,Normal,Male,Food and beverages,21.12,8.0,177.408,2019-01-01,19:31,Cash,6.3
857,748-45-2862,A,Member,Female,Home and lifestyle,28.31,4.0,118.902,2019-03-07,18:35,Cash,8.2
858,234-36-2483,B,Normal,Male,Health and beauty,57.59,6.0,362.81699999999995,2019-02-15,13:51,Cash,5.1
859,316-66-3011,A,Member,Female,Food and beverages,47.63,9.0,450.1035,2019-01-23,12:35,Cash,5.0
860,848-95-6252,C,Member,Female,Home and lifestyle,86.27,1.0,90.5835,2019-02-20,13:24,Ewallet,7.0
861,840-76-5966,A,Member,Male,Sports and travel,12.76,2.0,26.796,2019-01-08,18:06,Ewallet,7.8
862,152-03-4217,B,Normal,Female,Home and lifestyle,11.28,9.0,106.596,2019-03-17,11:55,Credit card,4.3
863,533-66-5566,B,Normal,Female,Home and lifestyle,51.07,7.0,375.3645,2019-01-12,11:42,Cash,7.0
864,124-31-1458,A,Member,Female,Electronic accessories,79.59,3.0,250.7085,2019-01-08,14:30,Cash,6.6
865,176-78-1170,C,Member,Male,Health and beauty,33.81,3.0,106.5015,2019-01-26,15:11,Ewallet,7.3
866,361-59-0574,B,Member,Male,Sports and travel,90.53,8.0,760.452,2019-03-15,14:48,Credit card,6.5
867,101-81-4070,C,Member,Female,Health and beauty,62.82,2.0,131.922,2019-01-17,12:36,Ewallet,4.9
868,631-34-1880,C,Member,Male,Food and beverages,24.31,3.0,76.5765,2019-01-08,19:09,Credit card,4.3
869,852-82-2749,A,Normal,Male,Sports and travel,64.59,4.0,271.278,2019-01-06,13:35,Ewallet,9.3
870,873-14-6353,A,Member,Male,Food and beverages,24.82,7.0,182.42700000000002,2019-02-16,10:33,Credit card,7.1
871,584-66-4073,C,Normal,Male,Fashion accessories,56.5,1.0,59.325,2019-03-13,15:45,Ewallet,9.6
872,544-55-9589,B,Member,Female,Electronic accessories,21.43,10.0,225.015,2019-01-28,11:51,Cash,6.2
873,166-19-2553,A,Member,Male,Sports and travel,89.06,6.0,561.078,2019-01-18,17:26,Cash,9.9
874,737-88-5876,A,Member,Male,Home and lifestyle,23.29,4.0,97.818,2019-03-19,11:52,Credit card,5.9
875,154-87-7367,C,Normal,Male,Home and lifestyle,65.26,8.0,548.184,2019-03-15,14:04,Ewallet,6.3
876,885-56-0389,C,Member,Male,Fashion accessories,52.35,1.0,54.9675,2019-02-12,17:49,Cash,4.0
877,608-05-3804,B,Member,Male,Electronic accessories,39.75,1.0,41.7375,2019-02-25,20:19,Cash,6.1
878,448-61-3783,A,Normal,Female,Electronic accessories,90.02,8.0,756.168,2019-03-21,16:08,Credit card,4.5
879,761-49-0439,B,Member,Female,Electronic accessories,12.1,8.0,101.64,2019-01-19,10:17,Ewallet,8.6
880,490-95-0021,B,Member,Female,Food and beverages,33.21,10.0,348.705,2019-01-08,14:25,Ewallet,6.0
881,115-38-7388,C,Member,Female,Fashion accessories,10.18,8.0,85.512,2019-03-30,12:51,Credit card,9.5
882,311-13-6971,B,Member,Male,Sports and travel,31.99,10.0,335.895,2019-02-20,15:18,Credit card,9.9
883,291-55-6563,A,Member,Female,Home and lifestyle,34.42,6.0,216.84599999999998,2019-03-30,12:45,Ewallet,7.5
884,548-48-3156,A,Member,Female,Food and beverages,83.34,2.0,175.014,2019-03-19,13:37,Cash,7.6
885,460-93-5834,A,Normal,Male,Sports and travel,45.58,7.0,335.01300000000003,2019-01-13,10:03,Cash,5.0
886,325-89-4209,A,Member,Male,Food and beverages,87.9,1.0,92.295,2019-02-05,19:42,Ewallet,6.7
887,884-80-6021,A,Member,Female,Electronic accessories,73.47,10.0,771.435,2019-03-23,13:14,Ewallet,9.5
888,137-74-8729,C,Normal,Female,Fashion accessories,12.19,8.0,102.396,2019-03-13,12:47,Ewallet,6.8
889,880-46-5796,A,Member,Male,Sports and travel,76.92,10.0,807.66,2019-03-17,19:53,Ewallet,5.6
890,389-70-2397,C,Normal,Female,Health and beauty,83.66,5.0,439.215,2019-02-21,10:26,Cash,7.2
891,114-35-5271,B,Normal,Female,Electronic accessories,57.91,8.0,486.444,2019-02-07,15:06,Cash,8.1
892,607-76-6216,C,Member,Female,Fashion accessories,92.49,5.0,485.5725,2019-03-02,16:35,Credit card,8.6
893,715-20-1673,B,Normal,Male,Electronic accessories,28.38,5.0,148.995,2019-03-06,20:57,Cash,9.4
894,811-35-1094,B,Member,Male,Electronic accessories,50.45,6.0,317.835,2019-02-06,15:16,Credit card,8.9
895,699-88-1972,B,Normal,Male,Health and beauty,99.16,8.0,832.944,2019-01-28,17:47,Credit card,4.2
896,781-84-8059,C,Normal,Male,Fashion accessories,60.74,7.0,446.439,2019-01-18,16:23,Ewallet,5.0
897,409-49-6995,C,Member,Female,Food and beverages,47.27,6.0,297.801,2019-02-05,10:17,Cash,8.8
898,725-54-0677,C,Member,Male,Health and beauty,85.6,7.0,629.16,2019-03-02,13:50,Cash,5.3
899,146-09-5432,A,Member,Male,Food and beverages,35.04,9.0,331.12800000000004,2019-02-09,19:17,Ewallet,4.6
900,377-79-7592,C,Member,Female,Electronic accessories,44.84,9.0,423.73800000000006,2019-01-14,14:00,Credit card,7.5
901,509-10-0516,B,Normal,Male,Home and lifestyle,45.97,4.0,193.074,2019-02-09,12:02,Ewallet,5.1
902,595-94-9924,A,Member,Female,Health and beauty,27.73,5.0,145.5825,2019-03-26,20:21,Credit card,4.2
903,865-41-9075,A,Normal,Male,Food and beverages,11.53,7.0,84.7455,2019-01-28,17:35,Cash,8.1
904,545-07-8534,C,Normal,Female,Health and beauty,58.32,2.0,122.47200000000001,2019-02-14,12:42,Ewallet,6.0
905,118-62-1812,C,Member,Female,Home and lifestyle,78.38,4.0,329.19599999999997,2019-03-24,17:56,Cash,7.9
906,450-42-3339,C,Normal,Male,Health and beauty,84.61,10.0,888.405,2019-02-09,18:58,Credit card,8.8
907,851-98-3555,B,Normal,Female,Health and beauty,82.88,5.0,435.12,2019-03-24,14:08,Credit card,6.6
908,186-71-5196,A,Member,Female,Food and beverages,79.54,2.0,167.03400000000002,2019-03-27,16:30,Ewallet,6.2
909,624-01-8356,B,Normal,Female,Home and lifestyle,49.01,10.0,514.605,2019-01-27,10:44,Credit card,4.2
910,313-66-9943,B,Member,Female,Food and beverages,29.15,3.0,91.8225,2019-03-27,20:29,Credit card,7.3
911,151-27-8496,C,Normal,Female,Electronic accessories,56.13,4.0,235.74599999999998,2019-01-19,11:43,Ewallet,8.6
912,453-33-6436,A,Normal,Female,Home and lifestyle,93.12,8.0,782.2080000000001,2019-02-07,10:09,Cash,6.8
913,522-57-8364,A,Member,Male,Fashion accessories,51.34,8.0,431.256,2019-01-31,10:00,Ewallet,7.6
914,459-45-2396,A,Member,Female,Food and beverages,99.6,3.0,313.74,2019-02-25,18:45,Cash,5.8
915,717-96-4189,C,Normal,Female,Electronic accessories,35.49,6.0,223.58700000000002,2019-02-02,12:40,Cash,4.1
916,722-13-2115,C,Member,Male,Sports and travel,42.85,1.0,44.9925,2019-03-14,15:36,Credit card,9.3
917,749-81-8133,A,Normal,Female,Fashion accessories,94.67,4.0,397.61400000000003,2019-03-11,12:04,Cash,6.8
918,777-67-2495,B,Normal,Male,Home and lifestyle,68.97,3.0,217.2555,2019-02-22,11:26,Ewallet,8.7
919,636-98-3364,B,Member,Female,Electronic accessories,26.26,3.0,82.719,2019-03-02,12:36,Ewallet,6.3
920,246-55-6923,C,Member,Female,Home and lifestyle,35.79,9.0,338.2155,2019-03-10,15:06,Credit card,5.1
921,181-82-6255,B,Normal,Female,Home and lifestyle,16.37,6.0,103.131,2019-02-08,10:58,Cash,7.0
922,838-02-1821,C,Member,Female,Home and lifestyle,12.73,2.0,26.733,2019-02-22,12:10,Credit card,5.2
923,887-42-0517,C,Normal,Female,Sports and travel,83.14,7.0,611.0790000000001,2019-01-10,10:31,Credit card,6.6
924,457-12-0244,C,Member,Female,Sports and travel,35.22,6.0,221.886,2019-03-14,13:49,Ewallet,6.5
925,226-34-0034,B,Normal,Female,Electronic accessories,13.78,4.0,57.876000000000005,2019-01-10,11:10,Ewallet,9.0
926,321-49-7382,B,Member,Male,Sports and travel,88.31,1.0,92.7255,2019-02-15,17:38,Credit card,5.2
927,397-25-8725,A,Member,Female,Health and beauty,39.62,9.0,374.409,2019-01-13,17:54,Credit card,6.8
928,431-66-2305,B,Normal,Female,Electronic accessories,88.25,9.0,833.9625,2019-02-15,20:51,Credit card,7.6
929,825-94-5922,B,Normal,Male,Sports and travel,25.31,2.0,53.151,2019-03-02,19:26,Ewallet,7.2
930,641-62-7288,B,Normal,Male,Home and lifestyle,99.92,6.0,629.496,2019-03-24,13:33,Ewallet,7.1
931,756-93-1854,C,Member,Female,Fashion accessories,83.35,2.0,175.035,2019-02-02,14:05,Credit card,9.5
932,243-55-8457,A,Normal,Female,Food and beverages,74.44,10.0,781.62,2019-02-27,11:40,Ewallet,5.1
933,458-10-8612,C,Normal,Male,Health and beauty,64.08,7.0,470.98800000000006,2019-01-20,12:27,Ewallet,7.6
934,501-61-1753,B,Normal,Female,Home and lifestyle,63.15,6.0,397.845,2019-01-03,20:24,Ewallet,9.8
935,235-06-8510,C,Member,Male,Home and lifestyle,85.72,3.0,270.018,2019-01-24,20:59,Ewallet,5.1
936,433-08-7822,C,Normal,Female,Health and beauty,78.89,7.0,579.8415,2019-01-05,19:48,Ewallet,7.5
937,361-85-2571,A,Normal,Female,Sports and travel,89.48,5.0,469.77,2019-03-30,10:18,Cash,7.4
938,131-70-8179,A,Member,Female,Health and beauty,92.09,3.0,290.0835,2019-02-17,16:27,Cash,4.2
939,500-02-2261,C,Normal,Female,Food and beverages,57.29,6.0,360.92699999999996,2019-03-21,17:04,Ewallet,5.9
940,720-72-2436,A,Normal,Male,Food and beverages,66.52,4.0,279.384,2019-03-02,18:14,Ewallet,6.9
941,702-83-5291,C,Member,Male,Fashion accessories,99.82,9.0,943.299,2019-03-27,10:43,Cash,6.6
942,809-69-9497,A,Normal,Female,Home and lifestyle,45.68,10.0,479.64,2019-01-19,19:30,Ewallet,5.7
943,449-16-6770,A,Normal,Male,Health and beauty,50.79,5.0,266.6475,2019-02-19,14:53,Credit card,5.3
944,333-23-2632,A,Member,Male,Health and beauty,10.08,7.0,74.08800000000001,2019-03-28,20:14,Cash,4.2
945,489-82-1237,A,Normal,Female,Electronic accessories,93.88,7.0,690.018,2019-01-05,11:51,Credit card,7.3
946,859-97-6048,C,Member,Male,Electronic accessories,84.25,2.0,176.925,2019-03-26,14:13,Credit card,5.3
947,676-10-2200,B,Member,Male,Fashion accessories,53.78,1.0,56.468999999999994,2019-02-03,20:13,Ewallet,4.7
948,373-88-1424,C,Member,Male,Home and lifestyle,35.81,5.0,188.0025,2019-02-06,18:44,Ewallet,7.9
949,365-16-4334,B,Normal,Female,Food and beverages,26.43,8.0,222.012,2019-02-24,14:26,Ewallet,8.9
950,503-21-4385,B,Member,Male,Health and beauty,39.91,3.0,125.7165,2019-02-21,12:40,Ewallet,9.3
951,305-89-2768,B,Member,Female,Home and lifestyle,21.9,3.0,68.985,2019-01-09,18:43,Ewallet,4.7
952,574-80-1489,B,Member,Female,Food and beverages,62.85,4.0,263.97,2019-02-25,13:22,Ewallet,8.7
953,784-08-0310,C,Member,Female,Food and beverages,21.04,4.0,88.368,2019-01-13,13:58,Cash,7.6
954,200-40-6154,B,Member,Male,Home and lifestyle,65.91,6.0,415.233,2019-02-09,11:45,Cash,5.7
955,846-10-0341,A,Normal,Female,Fashion accessories,42.57,7.0,312.8895,2019-01-06,11:51,Cash,6.8
956,577-34-7579,C,Member,Male,Food and beverages,50.49,9.0,477.1305,2019-01-10,17:16,Cash,5.4
957,430-02-3888,B,Normal,Male,Electronic accessories,46.02,6.0,289.926,2019-02-07,15:55,Cash,7.1
958,867-47-1948,C,Normal,Female,Home and lifestyle,15.8,10.0,165.9,2019-01-09,12:07,Cash,7.8
959,384-59-6655,A,Member,Female,Food and beverages,98.66,9.0,932.337,2019-02-19,15:07,Cash,8.4
960,256-58-3609,C,Member,Male,Fashion accessories,91.98,1.0,96.579,2019-03-18,15:29,Cash,9.8
961,324-92-3863,A,Member,Male,Electronic accessories,20.89,2.0,43.869,2019-02-05,18:45,Cash,9.8
962,593-08-5916,A,Normal,Female,Fashion accessories,15.5,1.0,16.275,2019-03-19,15:23,Credit card,7.4
963,364-34-2972,C,Member,Male,Electronic accessories,96.82,3.0,304.983,2019-03-30,20:37,Cash,6.7
964,794-42-3736,B,Normal,Male,Food and beverages,33.33,2.0,69.993,2019-01-26,14:41,Credit card,6.4
965,172-42-8274,B,Normal,Female,Electronic accessories,38.27,2.0,80.367,2019-03-02,18:18,Credit card,5.8
966,558-60-5016,A,Normal,Female,Home and lifestyle,33.3,9.0,314.685,2019-03-04,15:27,Ewallet,7.2
967,195-06-0432,A,Member,Male,Home and lifestyle,81.01,3.0,255.1815,2019-01-13,12:55,Credit card,9.3
968,605-03-2706,A,Normal,Female,Health and beauty,15.8,3.0,49.77,2019-03-25,18:02,Cash,9.5
969,214-30-2776,B,Member,Female,Electronic accessories,34.49,5.0,181.0725,2019-03-11,19:44,Credit card,9.0
970,746-04-1077,B,Member,Female,Food and beverages,84.63,10.0,888.615,2019-01-01,11:36,Credit card,9.0
971,448-34-8700,B,Member,Male,Home and lifestyle,36.91,7.0,271.2885,2019-02-10,13:51,Ewallet,6.7
972,452-04-8808,B,Normal,Male,Electronic accessories,87.08,7.0,640.038,2019-01-26,15:17,Cash,5.5
973,531-56-4728,A,Normal,Male,Home and lifestyle,80.08,3.0,252.252,2019-02-11,15:29,Cash,5.4
974,744-82-9138,C,Normal,Male,Fashion accessories,86.13,2.0,180.873,2019-02-07,17:59,Cash,8.2
975,883-69-1285,B,Member,Male,Fashion accessories,49.92,2.0,104.83200000000001,2019-03-06,11:55,Credit card,7.0
976,221-25-5073,A,Normal,Female,Food and beverages,74.66,4.0,313.572,2019-03-04,10:39,Cash,8.5
977,518-71-6847,B,Member,Male,Food and beverages,26.6,6.0,167.58,2019-02-26,15:10,Ewallet,4.9
978,156-20-0370,B,Normal,Female,Electronic accessories,25.45,1.0,26.7225,2019-03-10,18:10,Credit card,5.1
979,151-33-7434,B,Normal,Female,Food and beverages,67.77,1.0,71.15849999999999,2019-02-04,20:43,Credit card,6.5
980,728-47-9078,C,Member,Male,Food and beverages,59.59,4.0,250.27800000000002,2019-01-19,12:46,Cash,9.8
981,809-46-1866,A,Normal,Male,Health and beauty,58.15,4.0,244.23,2019-01-23,17:44,Cash,8.4
982,139-32-4183,A,Member,Female,Sports and travel,97.48,9.0,921.186,2019-03-14,14:19,Ewallet,7.4
983,148-41-7930,C,Normal,Male,Health and beauty,99.96,7.0,734.706,2019-01-23,10:33,Cash,6.1
984,189-40-5216,C,Normal,Male,Electronic accessories,96.37,7.0,708.3195000000001,2019-01-09,11:40,Cash,6.0
985,374-38-5555,B,Normal,Female,Fashion accessories,63.71,5.0,334.4775,2019-02-07,19:30,Ewallet,8.5
986,764-44-8999,B,Normal,Female,Health and beauty,14.76,2.0,30.996,2019-02-18,14:42,Ewallet,4.3
987,552-44-5977,B,Member,Male,Health and beauty,62.0,8.0,520.8,2019-01-03,19:08,Credit card,6.2
988,267-62-7380,C,Member,Male,Electronic accessories,82.34,10.0,864.5699999999999,2019-03-29,19:12,Ewallet,4.3
989,430-53-4718,B,Member,Male,Health and beauty,75.37,8.0,633.1080000000001,2019-01-28,15:46,Credit card,8.4
990,886-18-2897,A,Normal,Female,Food and beverages,56.56,5.0,296.94,2019-03-22,19:06,Credit card,4.5
991,602-16-6955,B,Normal,Female,Sports and travel,76.6,10.0,804.3,2019-01-24,18:10,Ewallet,6.0
992,745-74-0715,A,Normal,Male,Electronic accessories,58.03,2.0,121.863,2019-03-10,20:46,Ewallet,8.8
993,690-01-6631,B,Normal,Male,Fashion accessories,17.49,10.0,183.645,2019-02-22,18:35,Ewallet,6.6
994,652-49-6720,C,Member,Female,Electronic accessories,60.95,1.0,63.9975,2019-02-18,11:40,Ewallet,5.9
995,233-67-5758,C,Normal,Male,Health and beauty,40.35,1.0,42.3675,2019-01-29,13:46,Ewallet,6.2
996,303-96-2227,B,Normal,Female,Home and lifestyle,97.38,10.0,1022.49,2019-03-02,17:16,Ewallet,4.4
997,727-02-1313,A,Member,Male,Food and beverages,31.84,1.0,33.431999999999995,2019-02-09,13:22,Cash,7.7
998,347-56-2442,A,Normal,Male,Home and lifestyle,65.82,1.0,69.111,2019-02-22,15:33,Cash,4.1
999,849-09-3807,A,Member,Female,Fashion accessories,88.34,7.0,649.299,2019-02-18,13:28,Cash,6.6
